"","year","country","heatwave","coldwave","drought","flood","firerisk"
"1",1981,"AT",0,0,0,0,0
"2",1982,"AT",0,0,0,0,0
"3",1983,"AT",0,0,0,0,43.96627
"4",1984,"AT",0,0,0,0,0
"5",1985,"AT",0,99,0,2,0
"6",1986,"AT",0,0,0,0,0
"7",1987,"AT",0,0,0,0,0
"8",1988,"AT",0,0,0,0,0
"9",1989,"AT",0,0,0,0,0
"10",1990,"AT",0,0,0,0,0
"11",1991,"AT",0,0,0,2,0
"12",1992,"AT",0,0,64.54737,0,51.13943
"13",1993,"AT",0,22,0,0,0
"14",1994,"AT",0,0,0,0,0
"15",1995,"AT",0,0,0,0,0
"16",1996,"AT",0,23,0,0,0
"17",1997,"AT",0,0,0,0,0
"18",1998,"AT",0,0,0,0,0
"19",1999,"AT",0,0,0,6,0
"20",2000,"AT",0,0,57.17193,0,0
"21",2001,"AT",0,0,0,0,0
"22",2002,"AT",0,0,0,0,0
"23",2003,"AT",48,21,132.24956,0,84.72789
"24",2004,"AT",0,0,0,0,0
"25",2005,"AT",0,0,0,8,0
"26",2006,"AT",0,0,0,4,0
"27",2007,"AT",0,0,0,0,0
"28",2008,"AT",0,0,0,0,0
"29",2009,"AT",0,0,0,3,0
"30",2010,"AT",0,0,0,0,0
"31",2011,"AT",0,0,0,0,0
"32",2012,"AT",39,55,0,0,0
"33",2013,"AT",0,0,0,3,0
"34",2014,"AT",0,0,0,0,0
"35",2015,"AT",90,0,0,0,0
"36",2016,"AT",0,0,0,0,0
"37",2017,"AT",36,0,60.17193,0,0
"38",2018,"AT",0,0,0,0,0
"39",2019,"AT",37,0,0,0,0
"40",2020,"AT",0,0,56.32982,0,0
"41",1981,"BE",0,0,0,0,0
"42",1982,"BE",0,0,0,0,0
"43",1983,"BE",0,0,0,0,0
"44",1984,"BE",0,0,0,0,0
"45",1985,"BE",0,91,0,0,0
"46",1986,"BE",0,42,0,0,0
"47",1987,"BE",0,0,0,0,0
"48",1988,"BE",0,0,0,0,0
"49",1989,"BE",0,0,72,0,0
"50",1990,"BE",0,0,0,0,0
"51",1991,"BE",0,0,0,0,39.79598
"52",1992,"BE",0,0,0,0,0
"53",1993,"BE",0,24,0,2,0
"54",1994,"BE",0,0,0,0,0
"55",1995,"BE",0,0,0,0,39.62069
"56",1996,"BE",0,22,0,0,0
"57",1997,"BE",0,0,0,0,0
"58",1998,"BE",0,0,0,0,0
"59",1999,"BE",0,0,0,0,0
"60",2000,"BE",0,0,0,0,0
"61",2001,"BE",0,0,0,0,0
"62",2002,"BE",0,0,0,9,0
"63",2003,"BE",0,0,220.04385,2,44.92912
"64",2004,"BE",0,0,0,0,0
"65",2005,"BE",0,0,0,5,0
"66",2006,"BE",18,0,0,0,0
"67",2007,"BE",0,0,0,0,0
"68",2008,"BE",0,0,0,0,0
"69",2009,"BE",0,0,0,0,98.32892
"70",2010,"BE",0,22,0,5,0
"71",2011,"BE",0,0,264.91263,7,0
"72",2012,"BE",0,0,0,0,0
"73",2013,"BE",0,0,0,0,0
"74",2014,"BE",0,0,60.03774,0,0
"75",2015,"BE",0,0,0,0,0
"76",2016,"BE",0,0,0,0,0
"77",2017,"BE",0,0,182.3378,0,0
"78",2018,"BE",0,0,68.82075,0,212.71581
"79",2019,"BE",0,0,0,0,83.77778
"80",2020,"BE",0,0,358.78463,0,46.58333
"81",1981,"BG",0,27,0,0,0
"82",1982,"BG",0,0,0,0,0
"83",1983,"BG",0,0,0,0,0
"84",1984,"BG",0,0,0,0,0
"85",1985,"BG",0,27,0,0,0
"86",1986,"BG",0,0,0,0,0
"87",1987,"BG",0,0,0,0,0
"88",1988,"BG",0,0,0,0,0
"89",1989,"BG",0,0,0,0,0
"90",1990,"BG",0,0,0,0,0
"91",1991,"BG",0,42,0,0,0
"92",1992,"BG",0,0,0,0,0
"93",1993,"BG",0,51,57.19231,0,68.8235
"94",1994,"BG",0,0,0,0,0
"95",1995,"BG",0,0,0,0,0
"96",1996,"BG",0,0,0,0,0
"97",1997,"BG",0,0,0,5,0
"98",1998,"BG",0,0,0,10,0
"99",1999,"BG",0,0,0,0,0
"100",2000,"BG",0,0,139.16286,0,135.388
"101",2001,"BG",0,0,0,0,44.6016
"102",2002,"BG",0,0,0,0,0
"103",2003,"BG",0,0,0,0,0
"104",2004,"BG",0,0,0,0,0
"105",2005,"BG",0,0,0,40,0
"106",2006,"BG",0,0,0,13,0
"107",2007,"BG",46,0,83.61753,30,43.71587
"108",2008,"BG",0,0,0,0,0
"109",2009,"BG",0,0,0,0,0
"110",2010,"BG",19,0,0,4,0
"111",2011,"BG",0,0,0,0,0
"112",2012,"BG",62,24,150.44981,5,175.25457
"113",2013,"BG",0,0,70.51496,0,45.05263
"114",2014,"BG",0,0,0,35,0
"115",2015,"BG",0,0,0,13,0
"116",2016,"BG",0,0,0,0,0
"117",2017,"BG",41,0,0,0,0
"118",2018,"BG",0,0,0,0,0
"119",2019,"BG",22,0,0,0,85.53719
"120",2020,"BG",0,0,0,0,40.04132
"121",0,"CH",0,0,0,0,0
"122",1981,"CZ",0,0,0,0,0
"123",1982,"CZ",0,0,0,0,0
"124",1983,"CZ",0,0,0,0,0
"125",1984,"CZ",0,0,0,0,0
"126",1985,"CZ",0,41,0,0,0
"127",1986,"CZ",0,0,0,0,0
"128",1987,"CZ",0,0,0,0,0
"129",1988,"CZ",0,0,0,0,0
"130",1989,"CZ",0,0,0,0,0
"131",1990,"CZ",0,0,0,0,0
"132",1991,"CZ",0,21,0,0,0
"133",1992,"CZ",0,0,62.95542,0,0
"134",1993,"CZ",0,23,0,0,0
"135",1994,"CZ",17,0,0,0,0
"136",1995,"CZ",0,0,0,0,0
"137",1996,"CZ",0,24,0,2,0
"138",1997,"CZ",0,0,0,0,0
"139",1998,"CZ",0,0,0,0,0
"140",1999,"CZ",0,0,0,0,0
"141",2000,"CZ",0,0,0,6,0
"142",2001,"CZ",0,0,0,0,0
"143",2002,"CZ",0,0,0,24,0
"144",2003,"CZ",0,0,110.37589,0,50.66943
"145",2004,"CZ",0,0,0,0,0
"146",2005,"CZ",0,0,0,7,0
"147",2006,"CZ",0,0,0,24,0
"148",2007,"CZ",0,0,0,0,0
"149",2008,"CZ",0,0,0,0,0
"150",2009,"CZ",0,0,0,11,0
"151",2010,"CZ",0,0,0,17,0
"152",2011,"CZ",0,0,0,0,0
"153",2012,"CZ",19,22,0,0,0
"154",2013,"CZ",17,0,0,31,0
"155",2014,"CZ",0,0,0,0,0
"156",2015,"CZ",30,0,61.3536,0,0
"157",2016,"CZ",0,0,0,0,0
"158",2017,"CZ",0,0,0,0,0
"159",2018,"CZ",20,0,91.31206,0,49.44
"160",2019,"CZ",26,0,56.55015,0,0
"161",2020,"CZ",0,0,0,0,0
"162",1981,"DE",0,21,0,0,0
"163",1982,"DE",0,0,123.49365,0,48.67816
"164",1983,"DE",0,0,182.23503,0,319.67715
"165",1984,"DE",0,0,0,0,0
"166",1985,"DE",0,591,0,0,0
"167",1986,"DE",0,240,0,0,0
"168",1987,"DE",0,221,0,0,0
"169",1988,"DE",0,0,0,0,0
"170",1989,"DE",0,0,0,0,0
"171",1990,"DE",0,0,0,0,0
"172",1991,"DE",0,0,126.25511,0,284.42908
"173",1992,"DE",0,0,56.2584,0,285.73349
"174",1993,"DE",0,0,78.48387,0,0
"175",1994,"DE",17,0,0,8,0
"176",1995,"DE",0,0,0,0,0
"177",1996,"DE",0,170,0,0,0
"178",1997,"DE",36,65,0,6,80.74913
"179",1998,"DE",0,42,0,0,0
"180",1999,"DE",0,0,0,2,0
"181",2000,"DE",0,0,0,0,0
"182",2001,"DE",0,0,0,0,0
"183",2002,"DE",0,0,0,0,0
"184",2003,"DE",112,0,1647.9296,0,601.35299
"185",2004,"DE",0,0,0,0,0
"186",2005,"DE",0,0,0,2,0
"187",2006,"DE",36,0,0,6,186.56959
"188",2007,"DE",0,0,0,0,0
"189",2008,"DE",0,0,0,0,0
"190",2009,"DE",0,0,0,0,0
"191",2010,"DE",0,488,0,0,0
"192",2011,"DE",0,0,1335.60792,11,0
"193",2012,"DE",0,183,0,0,0
"194",2013,"DE",0,0,0,24,0
"195",2014,"DE",0,0,213.20245,0,0
"196",2015,"DE",63,0,286.38821,0,88.17962
"197",2016,"DE",0,0,0,0,0
"198",2017,"DE",0,0,0,8,0
"199",2018,"DE",166,0,1982.7358,0,1329.3402
"200",2019,"DE",264,0,711.09356,0,358.56631
"201",2020,"DE",90,0,1482.16554,0,96.775
"202",1981,"DK",0,24,0,0,0
"203",1982,"DK",0,0,0,0,46.48832
"204",1983,"DK",0,0,0,0,41.48832
"205",1984,"DK",0,0,0,0,0
"206",1985,"DK",0,41,0,0,0
"207",1986,"DK",0,23,0,0,0
"208",1987,"DK",0,0,0,0,0
"209",1988,"DK",0,0,0,0,0
"210",1989,"DK",0,0,0,0,0
"211",1990,"DK",0,0,0,0,0
"212",1991,"DK",0,0,0,0,48.62291
"213",1992,"DK",0,0,0,0,0
"214",1993,"DK",0,0,0,0,0
"215",1994,"DK",0,0,0,0,0
"216",1995,"DK",0,0,0,0,0
"217",1996,"DK",0,0,0,0,0
"218",1997,"DK",27,0,0,0,0
"219",1998,"DK",0,23,0,0,0
"220",1999,"DK",0,0,0,0,0
"221",2000,"DK",0,0,0,0,0
"222",2001,"DK",0,0,0,0,0
"223",2002,"DK",19,0,0,0,0
"224",2003,"DK",0,0,0,0,53.09566
"225",2004,"DK",0,0,0,0,0
"226",2005,"DK",0,0,0,0,0
"227",2006,"DK",20,0,0,0,0
"228",2007,"DK",0,0,0,0,0
"229",2008,"DK",0,0,0,0,0
"230",2009,"DK",0,0,0,0,0
"231",2010,"DK",0,62,0,0,0
"232",2011,"DK",0,0,0,0,0
"233",2012,"DK",0,23,0,0,0
"234",2013,"DK",0,0,0,0,0
"235",2014,"DK",0,0,0,0,0
"236",2015,"DK",0,0,0,0,0
"237",2016,"DK",0,0,0,0,0
"238",2017,"DK",0,0,0,0,0
"239",2018,"DK",32,0,59.07482,0,93.35484
"240",2019,"DK",0,0,0,0,45.48387
"241",2020,"DK",17,0,0,0,0
"242",1981,"EE",0,0,0,0,0
"243",1982,"EE",0,0,0,0,0
"244",1983,"EE",0,0,0,0,45.42912
"245",1984,"EE",0,0,0,0,0
"246",1985,"EE",0,31,0,0,0
"247",1986,"EE",0,0,0,0,0
"248",1987,"EE",0,21,0,0,0
"249",1988,"EE",0,0,0,0,0
"250",1989,"EE",0,0,0,0,0
"251",1990,"EE",0,0,57.62424,0,0
"252",1991,"EE",0,0,0,0,0
"253",1992,"EE",0,0,0,0,58.06618
"254",1993,"EE",0,23,0,0,0
"255",1994,"EE",0,0,0,0,0
"256",1995,"EE",0,0,0,0,44.93696
"257",1996,"EE",0,0,0,0,0
"258",1997,"EE",17,0,0,0,0
"259",1998,"EE",0,24,0,0,0
"260",1999,"EE",0,0,0,0,0
"261",2000,"EE",0,0,0,0,0
"262",2001,"EE",0,0,0,0,0
"263",2002,"EE",0,33,116.1,0,0
"264",2003,"EE",0,0,0,0,0
"265",2004,"EE",0,0,0,0,0
"266",2005,"EE",0,0,0,0,0
"267",2006,"EE",0,0,78.0803,0,0
"268",2007,"EE",0,0,0,0,0
"269",2008,"EE",0,0,0,0,0
"270",2009,"EE",0,0,0,0,0
"271",2010,"EE",27,26,0,0,0
"272",2011,"EE",20,0,0,0,0
"273",2012,"EE",0,22,0,0,0
"274",2013,"EE",0,0,0,0,0
"275",2014,"EE",19,0,0,0,0
"276",2015,"EE",0,0,0,0,0
"277",2016,"EE",0,0,0,0,0
"278",2017,"EE",0,0,0,0,0
"279",2018,"EE",24,0,0,0,50.65657
"280",2019,"EE",24,0,0,0,0
"281",2020,"EE",0,0,0,0,0
"282",1981,"EL",0,48,0,0,0
"283",1982,"EL",0,0,0,0,0
"284",1983,"EL",0,0,0,0,0
"285",1984,"EL",0,0,0,0,39.56645
"286",1985,"EL",0,0,0,0,49.83727
"287",1986,"EL",0,0,0,0,0
"288",1987,"EL",0,0,0,0,0
"289",1988,"EL",0,21,0,0,52.10694
"290",1989,"EL",0,0,0,0,0
"291",1990,"EL",0,0,389.71244,0,0
"292",1991,"EL",0,107,0,0,0
"293",1992,"EL",0,0,0,0,41.68319
"294",1993,"EL",0,0,0,0,55.9969
"295",1994,"EL",0,0,0,2,40.80589
"296",1995,"EL",0,21,0,0,0
"297",1996,"EL",0,0,0,0,0
"298",1997,"EL",0,0,0,0,0
"299",1998,"EL",0,0,0,0,0
"300",1999,"EL",0,0,0,0,44.56219
"301",2000,"EL",0,0,160.17017,0,43.21155
"302",2001,"EL",0,44,82.27586,0,86.56187
"303",2002,"EL",0,0,106,2,58.17826
"304",2003,"EL",20,0,0,12,0
"305",2004,"EL",0,0,0,0,0
"306",2005,"EL",0,22,0,0,0
"307",2006,"EL",0,22,0,4,50.95443
"308",2007,"EL",66,0,64.34,12,80.00891
"309",2008,"EL",0,0,87.4,0,39.48276
"310",2009,"EL",0,0,0,0,0
"311",2010,"EL",22,0,58.91089,2,0
"312",2011,"EL",19,0,0,0,0
"313",2012,"EL",136,0,0,0,98.90562
"314",2013,"EL",0,0,0,0,42.23596
"315",2014,"EL",18,0,0,8,0
"316",2015,"EL",68,0,0,14,0
"317",2016,"EL",17,0,72.62626,0,0
"318",2017,"EL",48,0,0,4,0
"319",2018,"EL",29,0,60.15179,0,0
"320",2019,"EL",66,0,0,0,0
"321",2020,"EL",0,0,0,0,0
"322",1981,"ES",0,0,0,0,0
"323",1982,"ES",0,0,0,0,0
"324",1983,"ES",0,0,0,0,0
"325",1984,"ES",0,0,0,0,43.82933
"326",1985,"ES",0,95,0,0,83.36337
"327",1986,"ES",0,0,0,0,0
"328",1987,"ES",0,0,0,0,0
"329",1988,"ES",0,0,0,0,45.41588
"330",1989,"ES",0,0,0,0,52.2796
"331",1990,"ES",0,0,0,0,0
"332",1991,"ES",21,0,0,0,0
"333",1992,"ES",0,0,0,0,0
"334",1993,"ES",0,0,0,0,43.39429
"335",1994,"ES",37,0,309.80165,0,0
"336",1995,"ES",0,0,138.71153,0,0
"337",1996,"ES",0,0,0,5,0
"338",1997,"ES",0,0,0,8,0
"339",1998,"ES",0,0,0,0,0
"340",1999,"ES",0,0,68.49949,0,0
"341",2000,"ES",0,0,0,6,0
"342",2001,"ES",0,0,0,0,44.88053
"343",2002,"ES",0,0,0,0,0
"344",2003,"ES",122,0,0,0,0
"345",2004,"ES",0,0,0,0,0
"346",2005,"ES",0,45,256.02957,0,0
"347",2006,"ES",0,0,0,12,0
"348",2007,"ES",0,0,0,16,0
"349",2008,"ES",0,42,0,0,0
"350",2009,"ES",0,0,129.26279,0,83.20552
"351",2010,"ES",0,0,0,0,0
"352",2011,"ES",0,0,0,0,45
"353",2012,"ES",99,0,446.75132,2,234.177
"354",2013,"ES",0,0,0,0,0
"355",2014,"ES",0,0,0,0,0
"356",2015,"ES",136,0,63.30968,6,0
"357",2016,"ES",0,0,0,13,0
"358",2017,"ES",160,0,0,0,94.20679
"359",2018,"ES",0,0,0,0,0
"360",2019,"ES",87,0,247.82517,2,47.71429
"361",2020,"ES",84,0,0,0,0
"362",1981,"FI",0,0,0,0,0
"363",1982,"FI",0,0,0,0,0
"364",1983,"FI",0,21,0,0,0
"365",1984,"FI",0,0,0,0,0
"366",1985,"FI",0,88,0,0,0
"367",1986,"FI",0,48,0,0,0
"368",1987,"FI",0,55,0,0,0
"369",1988,"FI",19,0,0,0,0
"370",1989,"FI",0,0,0,0,0
"371",1990,"FI",0,0,0,0,0
"372",1991,"FI",0,0,0,0,0
"373",1992,"FI",0,28,0,0,0
"374",1993,"FI",0,0,0,0,0
"375",1994,"FI",0,0,0,0,0
"376",1995,"FI",0,0,0,0,0
"377",1996,"FI",0,0,64.75,0,0
"378",1997,"FI",19,0,0,0,0
"379",1998,"FI",0,28,0,0,0
"380",1999,"FI",0,25,0,0,0
"381",2000,"FI",0,0,0,0,0
"382",2001,"FI",0,21,0,0,0
"383",2002,"FI",44,71,79.1875,0,0
"384",2003,"FI",18,0,0,0,0
"385",2004,"FI",0,0,0,0,0
"386",2005,"FI",0,0,0,0,0
"387",2006,"FI",0,0,0,0,44.24599
"388",2007,"FI",0,0,0,0,0
"389",2008,"FI",0,0,0,0,0
"390",2009,"FI",0,0,0,0,0
"391",2010,"FI",22,60,0,0,0
"392",2011,"FI",19,0,0,0,0
"393",2012,"FI",0,0,0,0,47.7716
"394",2013,"FI",19,0,0,0,0
"395",2014,"FI",46,0,0,0,0
"396",2015,"FI",0,0,0,0,0
"397",2016,"FI",0,0,0,0,0
"398",2017,"FI",0,0,0,0,45.67284
"399",2018,"FI",53,0,79.5625,0,0
"400",2019,"FI",37,0,0,0,0
"401",2020,"FI",23,0,72.1875,0,0
"402",1981,"FR",0,0,0,0,0
"403",1982,"FR",0,0,0,0,0
"404",1983,"FR",0,0,0,3,0
"405",1984,"FR",0,0,0,0,0
"406",1985,"FR",0,349,0,0,175.6449
"407",1986,"FR",0,44,0,0,0
"408",1987,"FR",0,70,0,0,0
"409",1988,"FR",0,0,0,0,0
"410",1989,"FR",0,0,215.11024,0,368.11595
"411",1990,"FR",0,0,631.93831,0,395.32746
"412",1991,"FR",0,0,55.79716,0,0
"413",1992,"FR",0,0,0,2,0
"414",1993,"FR",0,21,0,0,0
"415",1994,"FR",0,0,0,0,0
"416",1995,"FR",0,0,0,0,0
"417",1996,"FR",0,0,0,6,298.02425
"418",1997,"FR",0,0,236.10643,0,0
"419",1998,"FR",0,0,0,0,0
"420",1999,"FR",0,0,0,4,53.68966
"421",2000,"FR",0,0,0,0,0
"422",2001,"FR",0,0,0,23,0
"423",2002,"FR",0,0,0,13,46.32759
"424",2003,"FR",272,0,879.16157,6,302.09728
"425",2004,"FR",0,0,0,0,0
"426",2005,"FR",0,76,55.95163,3,44.62484
"427",2006,"FR",88,0,57.70381,0,0
"428",2007,"FR",0,0,0,0,0
"429",2008,"FR",0,0,0,0,0
"430",2009,"FR",0,0,0,0,88.12666
"431",2010,"FR",0,65,0,6,0
"432",2011,"FR",0,0,816.81525,2,0
"433",2012,"FR",18,113,0,0,0
"434",2013,"FR",0,0,0,6,0
"435",2014,"FR",0,0,73.6156,19,0
"436",2015,"FR",172,0,136.799,0,174.98069
"437",2016,"FR",0,0,0,0,90.58472
"438",2017,"FR",128,0,168.5123,0,53.7193
"439",2018,"FR",130,0,314.83577,0,559.18703
"440",2019,"FR",193,0,321.01839,0,393.55664
"441",2020,"FR",19,0,935.7603,4,322.44091
"442",1981,"HR",0,26,0,0,0
"443",1982,"HR",0,0,0,0,0
"444",1983,"HR",0,0,0,0,0
"445",1984,"HR",0,0,0,0,0
"446",1985,"HR",0,38,0,0,0
"447",1986,"HR",0,0,0,0,0
"448",1987,"HR",0,0,0,0,0
"449",1988,"HR",0,0,0,0,0
"450",1989,"HR",0,0,0,0,0
"451",1990,"HR",0,0,0,0,0
"452",1991,"HR",0,25,0,0,0
"453",1992,"HR",0,0,68.33819,0,0
"454",1993,"HR",0,28,0,0,0
"455",1994,"HR",0,0,0,0,0
"456",1995,"HR",0,0,0,0,0
"457",1996,"HR",0,0,0,0,0
"458",1997,"HR",0,0,0,0,0
"459",1998,"HR",0,0,0,0,0
"460",1999,"HR",0,0,0,0,0
"461",2000,"HR",0,0,0,3,0
"462",2001,"HR",0,0,0,0,0
"463",2002,"HR",0,0,0,0,0
"464",2003,"HR",36,0,99.70874,0,57.51264
"465",2004,"HR",0,0,0,0,0
"466",2005,"HR",0,0,0,0,0
"467",2006,"HR",0,0,0,4,0
"468",2007,"HR",0,0,0,0,0
"469",2008,"HR",0,0,0,0,0
"470",2009,"HR",0,0,0,0,0
"471",2010,"HR",0,0,0,6,0
"472",2011,"HR",0,0,71.16828,0,0
"473",2012,"HR",29,0,75.45307,0,0
"474",2013,"HR",19,0,0,0,0
"475",2014,"HR",0,0,0,5,0
"476",2015,"HR",34,0,0,2,0
"477",2016,"HR",0,0,0,0,0
"478",2017,"HR",20,0,57.02769,0,61.66667
"479",2018,"HR",25,0,0,2,0
"480",2019,"HR",26,0,0,0,0
"481",2020,"HR",0,0,0,0,0
"482",1981,"HU",0,0,0,0,0
"483",1982,"HU",0,0,0,0,0
"484",1983,"HU",0,0,0,0,0
"485",1984,"HU",0,0,0,0,0
"486",1985,"HU",0,113,0,0,41.07702
"487",1986,"HU",0,0,0,0,0
"488",1987,"HU",0,0,0,0,0
"489",1988,"HU",0,0,0,0,0
"490",1989,"HU",0,0,0,0,0
"491",1990,"HU",0,0,60.0871,0,0
"492",1991,"HU",0,0,0,0,0
"493",1992,"HU",0,0,132.50423,0,137.42502
"494",1993,"HU",0,46,132.66117,0,43.26108
"495",1994,"HU",0,0,0,0,0
"496",1995,"HU",0,0,0,0,0
"497",1996,"HU",0,25,0,0,0
"498",1997,"HU",0,0,0,6,0
"499",1998,"HU",0,0,0,0,0
"500",1999,"HU",0,0,0,0,0
"501",2000,"HU",0,0,0,6,144.41875
"502",2001,"HU",0,0,0,0,0
"503",2002,"HU",0,0,0,2,0
"504",2003,"HU",21,24,287.88755,0,133.03631
"505",2004,"HU",0,0,0,2,0
"506",2005,"HU",0,0,0,2,0
"507",2006,"HU",0,0,0,21,0
"508",2007,"HU",0,0,62.33333,0,48.2266
"509",2008,"HU",0,0,0,0,0
"510",2009,"HU",0,0,122.0236,0,0
"511",2010,"HU",0,0,0,2,0
"512",2011,"HU",0,0,0,0,89.33178
"513",2012,"HU",73,0,271.88558,0,91.9199
"514",2013,"HU",19,0,0,0,0
"515",2014,"HU",0,0,0,9,0
"516",2015,"HU",92,0,0,0,0
"517",2016,"HU",0,0,0,0,0
"518",2017,"HU",17,0,0,0,0
"519",2018,"HU",0,0,0,0,0
"520",2019,"HU",43,0,117.05201,0,0
"521",2020,"HU",0,0,0,0,0
"522",1981,"IE",0,0,0,0,0
"523",1982,"IE",0,0,0,0,0
"524",1983,"IE",17,0,0,0,0
"525",1984,"IE",0,0,68.14383,0,0
"526",1985,"IE",0,24,0,0,0
"527",1986,"IE",0,0,0,0,42.05709
"528",1987,"IE",0,21,0,0,0
"529",1988,"IE",0,0,0,0,0
"530",1989,"IE",0,0,0,0,0
"531",1990,"IE",0,0,0,0,0
"532",1991,"IE",0,0,0,0,0
"533",1992,"IE",0,0,0,0,40.40192
"534",1993,"IE",0,0,0,0,45.1908
"535",1994,"IE",0,0,0,0,0
"536",1995,"IE",23,0,74.52435,0,0
"537",1996,"IE",0,0,0,0,0
"538",1997,"IE",0,0,0,0,0
"539",1998,"IE",0,0,0,0,0
"540",1999,"IE",0,0,0,0,0
"541",2000,"IE",0,0,0,0,57.43908
"542",2001,"IE",0,0,0,0,0
"543",2002,"IE",0,0,0,10,0
"544",2003,"IE",0,0,0,0,42.92797
"545",2004,"IE",0,0,0,0,0
"546",2005,"IE",0,0,0,0,0
"547",2006,"IE",0,0,0,0,0
"548",2007,"IE",0,0,0,0,0
"549",2008,"IE",0,0,0,0,0
"550",2009,"IE",0,0,0,10,0
"551",2010,"IE",0,47,0,0,0
"552",2011,"IE",0,0,0,2,0
"553",2012,"IE",0,0,0,0,0
"554",2013,"IE",0,0,0,0,0
"555",2014,"IE",0,0,0,0,0
"556",2015,"IE",0,0,0,0,0
"557",2016,"IE",0,0,0,0,0
"558",2017,"IE",0,0,0,0,0
"559",2018,"IE",23,0,0,0,0
"560",2019,"IE",0,0,0,0,0
"561",2020,"IE",0,0,0,0,0
"562",1981,"IT",0,73,0,0,0
"563",1982,"IT",0,0,0,0,0
"564",1983,"IT",0,0,0,0,0
"565",1984,"IT",0,0,0,0,0
"566",1985,"IT",0,78,0,0,40.75712
"567",1986,"IT",0,0,0,0,0
"568",1987,"IT",18,0,0,0,0
"569",1988,"IT",0,0,0,0,0
"570",1989,"IT",0,0,0,0,0
"571",1990,"IT",0,0,0,0,0
"572",1991,"IT",0,91,0,0,0
"573",1992,"IT",0,0,0,0,0
"574",1993,"IT",0,0,0,0,39.65332
"575",1994,"IT",0,0,0,3,0
"576",1995,"IT",0,0,0,0,58.05928
"577",1996,"IT",0,0,0,8,0
"578",1997,"IT",0,0,122.04883,0,0
"579",1998,"IT",44,0,0,0,0
"580",1999,"IT",38,0,68.12438,0,39.65299
"581",2000,"IT",0,0,0,23,0
"582",2001,"IT",0,0,0,0,98.40897
"583",2002,"IT",0,0,0,30,0
"584",2003,"IT",195,22,250.11904,15,154.99453
"585",2004,"IT",0,0,0,0,0
"586",2005,"IT",0,22,0,0,0
"587",2006,"IT",0,0,0,0,0
"588",2007,"IT",43,0,0,0,47.64085
"589",2008,"IT",0,0,0,4,0
"590",2009,"IT",0,0,0,4,0
"591",2010,"IT",0,0,0,0,0
"592",2011,"IT",0,0,0,9,0
"593",2012,"IT",120,68,0,7,49.25385
"594",2013,"IT",0,0,0,2,0
"595",2014,"IT",0,0,0,32,0
"596",2015,"IT",157,0,0,10,0
"597",2016,"IT",0,0,0,2,0
"598",2017,"IT",158,0,158.32231,4,90.13729
"599",2018,"IT",67,0,0,0,41.32192
"600",2019,"IT",123,0,0,0,0
"601",2020,"IT",19,0,0,4,0
"602",0,"LI",0,0,0,0,0
"603",1981,"LT",0,0,0,0,0
"604",1982,"LT",0,0,0,0,0
"605",1983,"LT",0,0,0,0,0
"606",1984,"LT",0,0,0,0,0
"607",1985,"LT",0,34,0,0,46.07276
"608",1986,"LT",0,0,0,0,0
"609",1987,"LT",0,0,0,0,0
"610",1988,"LT",0,0,0,0,0
"611",1989,"LT",0,0,0,0,0
"612",1990,"LT",0,0,0,0,0
"613",1991,"LT",0,0,0,0,0
"614",1992,"LT",0,0,0,0,0
"615",1993,"LT",0,0,0,0,0
"616",1994,"LT",0,0,0,0,0
"617",1995,"LT",0,0,0,0,0
"618",1996,"LT",0,0,0,0,0
"619",1997,"LT",0,0,0,0,0
"620",1998,"LT",0,29,0,0,0
"621",1999,"LT",0,0,0,0,0
"622",2000,"LT",0,0,0,0,0
"623",2001,"LT",0,0,0,0,0
"624",2002,"LT",0,0,0,0,0
"625",2003,"LT",0,0,62,0,48.94138
"626",2004,"LT",0,0,0,0,0
"627",2005,"LT",0,0,0,3,0
"628",2006,"LT",0,0,0,0,0
"629",2007,"LT",0,0,0,0,41.71448
"630",2008,"LT",0,0,0,0,0
"631",2009,"LT",0,0,0,0,0
"632",2010,"LT",19,26,0,2,0
"633",2011,"LT",0,0,0,0,0
"634",2012,"LT",0,23,0,0,42.53
"635",2013,"LT",0,0,0,0,0
"636",2014,"LT",17,0,0,0,0
"637",2015,"LT",0,0,0,0,0
"638",2016,"LT",0,0,0,0,0
"639",2017,"LT",0,0,0,0,52.6
"640",2018,"LT",22,0,0,0,0
"641",2019,"LT",22,0,0,0,0
"642",2020,"LT",0,0,0,0,0
"643",1981,"LU",0,0,0,0,0
"644",1982,"LU",0,0,0,0,0
"645",1983,"LU",0,0,0,0,0
"646",1984,"LU",0,0,0,0,0
"647",1985,"LU",0,34,0,0,0
"648",1986,"LU",0,0,0,0,0
"649",1987,"LU",0,0,0,0,0
"650",1988,"LU",0,0,0,0,0
"651",1989,"LU",0,0,0,0,0
"652",1990,"LU",0,0,0,0,0
"653",1991,"LU",0,0,0,0,0
"654",1992,"LU",0,0,74.67034,0,55.90137
"655",1993,"LU",0,0,0,0,0
"656",1994,"LU",0,0,0,0,40.5469
"657",1995,"LU",0,0,0,0,0
"658",1996,"LU",0,0,0,0,0
"659",1997,"LU",0,0,0,0,0
"660",1998,"LU",0,0,0,0,0
"661",1999,"LU",0,0,0,0,0
"662",2000,"LU",0,0,0,0,0
"663",2001,"LU",0,0,0,0,0
"664",2002,"LU",0,0,91.02095,0,47.1237
"665",2003,"LU",0,0,0,0,0
"666",2004,"LU",0,0,0,0,0
"667",2005,"LU",0,0,0,0,0
"668",2006,"LU",0,0,0,0,0
"669",2007,"LU",0,0,0,0,0
"670",2008,"LU",0,0,0,0,0
"671",2009,"LU",0,0,0,0,0
"672",2010,"LU",0,22,0,0,0
"673",2011,"LU",0,0,0,0,0
"674",2012,"LU",0,0,0,0,0
"675",2013,"LU",0,0,0,0,0
"676",2014,"LU",0,0,0,0,0
"677",2015,"LU",0,0,0,0,43.70629
"678",2016,"LU",0,0,0,0,0
"679",2017,"LU",0,0,0,0,0
"680",2018,"LU",0,0,65.53142,0,45.25874
"681",2019,"LU",0,0,88.64719,0,0
"682",2020,"LU",0,0,0,0,0
"683",1981,"LV",0,0,0,0,0
"684",1982,"LV",0,0,0,0,0
"685",1983,"LV",0,0,0,0,0
"686",1984,"LV",0,0,0,0,0
"687",1985,"LV",0,32,0,0,0
"688",1986,"LV",0,0,0,0,0
"689",1987,"LV",0,0,0,0,0
"690",1988,"LV",0,0,0,0,0
"691",1989,"LV",0,0,0,0,0
"692",1990,"LV",0,0,0,0,0
"693",1991,"LV",0,0,0,0,51.74138
"694",1992,"LV",0,0,0,0,0
"695",1993,"LV",0,0,81.42424,0,0
"696",1994,"LV",0,0,0,0,0
"697",1995,"LV",0,0,0,0,0
"698",1996,"LV",0,0,0,0,0
"699",1997,"LV",0,0,0,0,0
"700",1998,"LV",0,28,0,0,0
"701",1999,"LV",0,0,0,0,0
"702",2000,"LV",0,0,0,0,0
"703",2001,"LV",0,0,0,0,0
"704",2002,"LV",0,24,0,0,0
"705",2003,"LV",0,0,79.39394,0,42.58046
"706",2004,"LV",0,0,0,0,0
"707",2005,"LV",0,0,0,0,42.37356
"708",2006,"LV",0,0,0,0,0
"709",2007,"LV",0,0,0,0,0
"710",2008,"LV",0,0,0,0,0
"711",2009,"LV",0,0,0,0,0
"712",2010,"LV",27,30,0,0,0
"713",2011,"LV",0,0,106.48485,0,0
"714",2012,"LV",0,23,0,0,0
"715",2013,"LV",0,0,0,0,0
"716",2014,"LV",17,0,80.69697,0,0
"717",2015,"LV",0,0,0,0,0
"718",2016,"LV",0,0,0,0,0
"719",2017,"LV",0,0,87.15152,0,0
"720",2018,"LV",27,0,98.90909,0,69.16667
"721",2019,"LV",22,0,57.21212,0,0
"722",2020,"LV",0,0,184.48485,0,50.83333
"723",0,"MT",0,0,0,0,0
"724",1981,"MT",0,0,0,0,0
"725",1982,"MT",0,0,0,0,0
"726",1983,"MT",0,0,0,0,0
"727",1984,"MT",0,0,0,0,0
"728",1985,"MT",0,0,0,0,0
"729",1986,"MT",0,0,0,0,0
"730",1987,"MT",0,0,0,0,0
"731",1988,"MT",0,0,0,0,0
"732",1989,"MT",0,0,0,0,0
"733",1990,"MT",0,0,0,0,0
"734",1991,"MT",0,0,0,0,0
"735",1992,"MT",0,0,69.8878,0,44.3226
"736",1993,"MT",0,0,0,0,0
"737",1994,"MT",0,0,0,0,0
"738",1995,"MT",0,0,0,0,0
"739",1996,"MT",0,0,57.6329,0,0
"740",1997,"MT",0,0,0,0,0
"741",1998,"MT",0,0,0,0,0
"742",1999,"MT",0,0,0,0,0
"743",2000,"MT",0,0,0,0,0
"744",2001,"MT",0,0,0,0,0
"745",2002,"MT",0,0,98.80283,0,49.65336
"746",2003,"MT",35,0,0,0,0
"747",2004,"MT",0,0,0,0,0
"748",2005,"MT",0,0,0,0,0
"749",2006,"MT",0,0,65.87582,0,44.70554
"750",2007,"MT",0,0,0,0,0
"751",2008,"MT",0,0,0,0,0
"752",2009,"MT",0,0,0,0,0
"753",2010,"MT",0,0,0,0,0
"754",2011,"MT",0,0,0,0,0
"755",2012,"MT",19,0,0,0,0
"756",2013,"MT",0,0,0,0,0
"757",2014,"MT",0,0,0,0,0
"758",2015,"MT",17,0,0,0,0
"759",2016,"MT",0,0,0,0,0
"760",2017,"MT",0,0,0,0,0
"761",2018,"MT",0,0,66.39542,0,44.81579
"762",2019,"MT",22,0,60.24183,0,0
"763",2020,"MT",0,0,0,0,0
"764",1981,"NL",0,22,0,0,0
"765",1982,"NL",0,0,0,0,0
"766",1983,"NL",0,0,0,0,134.66387
"767",1984,"NL",0,0,0,0,0
"768",1985,"NL",0,128,0,0,0
"769",1986,"NL",0,0,0,0,0
"770",1987,"NL",0,0,0,0,0
"771",1988,"NL",0,0,0,0,0
"772",1989,"NL",0,0,0,0,0
"773",1990,"NL",0,0,0,0,0
"774",1991,"NL",0,0,0,0,0
"775",1992,"NL",0,0,0,0,0
"776",1993,"NL",0,42,0,0,0
"777",1994,"NL",0,0,0,0,0
"778",1995,"NL",0,0,0,0,82.43419
"779",1996,"NL",0,121,277.68403,0,0
"780",1997,"NL",0,0,0,0,0
"781",1998,"NL",0,0,0,2,0
"782",1999,"NL",0,0,0,0,0
"783",2000,"NL",0,0,0,0,0
"784",2001,"NL",0,0,0,0,0
"785",2002,"NL",0,0,0,0,0
"786",2003,"NL",0,0,332.63733,0,82.72713
"787",2004,"NL",0,0,0,0,0
"788",2005,"NL",0,0,0,0,0
"789",2006,"NL",54,0,0,0,0
"790",2007,"NL",0,0,0,0,0
"791",2008,"NL",0,0,0,0,0
"792",2009,"NL",0,0,0,0,41.75517
"793",2010,"NL",0,69,0,0,0
"794",2011,"NL",0,0,271.00954,0,0
"795",2012,"NL",0,0,0,0,0
"796",2013,"NL",0,0,0,0,0
"797",2014,"NL",0,0,0,0,0
"798",2015,"NL",0,0,0,0,0
"799",2016,"NL",0,0,0,0,0
"800",2017,"NL",0,0,0,0,0
"801",2018,"NL",0,0,71.28571,0,207.96184
"802",2019,"NL",0,0,0,0,0
"803",2020,"NL",38,0,366.53833,0,0
"804",0,"NO",0,0,0,0,0
"805",1981,"PL",0,0,0,0,0
"806",1982,"PL",0,0,0,0,47.41133
"807",1983,"PL",0,0,0,0,50.56246
"808",1984,"PL",0,0,0,0,0
"809",1985,"PL",0,264,0,0,0
"810",1986,"PL",0,114,0,0,0
"811",1987,"PL",0,42,0,0,0
"812",1988,"PL",0,0,0,0,0
"813",1989,"PL",0,0,0,0,0
"814",1990,"PL",0,0,0,0,0
"815",1991,"PL",0,0,0,0,0
"816",1992,"PL",0,0,58.8415,0,255.28699
"817",1993,"PL",0,73,0,0,0
"818",1994,"PL",34,0,0,0,0
"819",1995,"PL",0,0,0,0,0
"820",1996,"PL",0,21,0,0,0
"821",1997,"PL",0,0,0,12,0
"822",1998,"PL",0,97,0,0,0
"823",1999,"PL",0,0,0,0,0
"824",2000,"PL",0,0,0,0,0
"825",2001,"PL",0,0,0,18,0
"826",2002,"PL",0,46,115.19401,0,0
"827",2003,"PL",0,0,165.89995,0,100.96351
"828",2004,"PL",0,0,0,4,0
"829",2005,"PL",0,0,69.17811,5,188.66224
"830",2006,"PL",67,0,0,2,140.46989
"831",2007,"PL",0,0,0,0,0
"832",2008,"PL",0,0,0,0,0
"833",2009,"PL",0,0,0,6,0
"834",2010,"PL",0,183,0,7,0
"835",2011,"PL",0,0,58.89108,0,0
"836",2012,"PL",75,177,0,0,0
"837",2013,"PL",0,0,0,0,0
"838",2014,"PL",18,0,0,0,0
"839",2015,"PL",99,0,549.17454,0,218.15506
"840",2016,"PL",0,0,0,0,0
"841",2017,"PL",0,0,0,0,0
"842",2018,"PL",57,0,511.55178,0,243.20543
"843",2019,"PL",180,0,415.92879,0,80.75627
"844",2020,"PL",0,0,60.14716,0,0
"845",1981,"PT",0,0,0,0,0
"846",1982,"PT",0,0,0,0,0
"847",1983,"PT",0,0,0,0,0
"848",1984,"PT",0,0,0,0,0
"849",1985,"PT",0,0,0,0,0
"850",1986,"PT",0,0,0,0,0
"851",1987,"PT",0,0,0,0,0
"852",1988,"PT",0,0,0,0,0
"853",1989,"PT",0,0,0,0,0
"854",1990,"PT",0,0,0,0,0
"855",1991,"PT",0,0,0,0,0
"856",1992,"PT",0,0,0,0,0
"857",1993,"PT",0,0,0,0,0
"858",1994,"PT",0,0,0,0,39.61621
"859",1995,"PT",0,0,56.54796,0,0
"860",1996,"PT",0,0,0,3,0
"861",1997,"PT",0,0,0,0,0
"862",1998,"PT",0,0,0,0,0
"863",1999,"PT",0,0,0,0,0
"864",2000,"PT",0,0,0,0,0
"865",2001,"PT",0,0,0,2,0
"866",2002,"PT",0,0,0,8,0
"867",2003,"PT",21,0,0,4,0
"868",2004,"PT",0,0,0,0,0
"869",2005,"PT",0,0,96.3054,0,46.20242
"870",2006,"PT",0,0,0,2,43.4309
"871",2007,"PT",0,0,0,0,0
"872",2008,"PT",0,0,0,3,0
"873",2009,"PT",0,0,58.09613,0,0
"874",2010,"PT",0,0,0,0,0
"875",2011,"PT",0,0,0,0,0
"876",2012,"PT",0,0,75.59868,0,0
"877",2013,"PT",0,0,0,0,0
"878",2014,"PT",0,0,0,0,0
"879",2015,"PT",0,0,0,0,54.19084
"880",2016,"PT",0,0,0,0,0
"881",2017,"PT",20,0,73.22381,0,0
"882",2018,"PT",0,0,0,0,0
"883",2019,"PT",0,0,0,0,45.83969
"884",2020,"PT",0,0,0,0,0
"885",1981,"RO",0,0,0,0,0
"886",1982,"RO",0,0,0,0,0
"887",1983,"RO",0,0,0,0,0
"888",1984,"RO",0,0,0,0,0
"889",1985,"RO",0,143,0,0,0
"890",1986,"RO",0,0,0,0,0
"891",1987,"RO",0,0,0,0,0
"892",1988,"RO",0,0,0,0,0
"893",1989,"RO",0,22,0,0,0
"894",1990,"RO",0,0,60.71841,0,0
"895",1991,"RO",0,21,0,4,0
"896",1992,"RO",0,0,0,0,0
"897",1993,"RO",0,103,0,0,0
"898",1994,"RO",0,0,0,0,0
"899",1995,"RO",0,0,0,10,0
"900",1996,"RO",0,0,0,10,0
"901",1997,"RO",0,0,0,48,0
"902",1998,"RO",0,0,0,8,0
"903",1999,"RO",0,0,0,12,0
"904",2000,"RO",0,0,134.06362,20,56.93397
"905",2001,"RO",0,21,0,31,0
"906",2002,"RO",0,0,141.30635,31,0
"907",2003,"RO",0,47,93.82067,42,50.18471
"908",2004,"RO",0,0,0,11,0
"909",2005,"RO",0,0,0,41,118.86738
"910",2006,"RO",0,0,0,97,0
"911",2007,"RO",58,0,297.62976,9,50.6738
"912",2008,"RO",0,0,0,12,0
"913",2009,"RO",0,0,177.40345,46,84.96329
"914",2010,"RO",35,0,0,32,0
"915",2011,"RO",0,0,0,0,86.9282
"916",2012,"RO",141,71,316.76167,0,146.40072
"917",2013,"RO",0,0,62.72354,3,0
"918",2014,"RO",0,0,57.37235,32,0
"919",2015,"RO",97,0,59.57908,0,95.48915
"920",2016,"RO",17,0,0,5,0
"921",2017,"RO",39,0,0,0,53.84667
"922",2018,"RO",0,0,0,10,0
"923",2019,"RO",81,0,133.57996,0,154.34817
"924",2020,"RO",0,0,143.31392,0,41.38686
"925",0,"RS",0,0,0,0,0
"926",1981,"SE",0,70,0,0,0
"927",1982,"SE",0,0,0,0,0
"928",1983,"SE",0,0,0,0,0
"929",1984,"SE",0,0,0,0,0
"930",1985,"SE",0,127,0,3,0
"931",1986,"SE",0,51,0,0,0
"932",1987,"SE",0,68,0,0,40.92129
"933",1988,"SE",0,0,0,0,0
"934",1989,"SE",0,0,0,0,0
"935",1990,"SE",0,0,0,0,0
"936",1991,"SE",0,0,0,0,0
"937",1992,"SE",0,27,0,0,48.80585
"938",1993,"SE",0,0,0,0,0
"939",1994,"SE",0,0,66.42274,0,0
"940",1995,"SE",0,0,0,0,0
"941",1996,"SE",0,0,0,0,0
"942",1997,"SE",60,0,0,0,0
"943",1998,"SE",0,0,0,0,0
"944",1999,"SE",0,26,0,0,0
"945",2000,"SE",0,0,0,0,214.14411
"946",2001,"SE",0,0,0,0,0
"947",2002,"SE",70,77,66.52308,0,0
"948",2003,"SE",18,0,0,0,84.337
"949",2004,"SE",0,0,0,0,0
"950",2005,"SE",0,0,0,0,0
"951",2006,"SE",35,0,0,0,0
"952",2007,"SE",0,0,0,0,52.25608
"953",2008,"SE",0,0,0,0,39.55681
"954",2009,"SE",0,0,0,0,0
"955",2010,"SE",0,160,0,0,0
"956",2011,"SE",0,0,0,0,44.13158
"957",2012,"SE",0,0,0,0,201.23007
"958",2013,"SE",0,0,0,0,0
"959",2014,"SE",29,0,0,0,0
"960",2015,"SE",0,0,0,0,0
"961",2016,"SE",0,0,0,0,0
"962",2017,"SE",0,0,0,0,49.45652
"963",2018,"SE",97,0,240.75791,0,0
"964",2019,"SE",59,0,0,0,96.12784
"965",2020,"SE",78,0,0,0,39.96721
"966",1981,"SI",0,0,0,0,0
"967",1982,"SI",0,0,0,0,0
"968",1983,"SI",0,0,0,0,0
"969",1984,"SI",0,0,0,0,0
"970",1985,"SI",0,35,0,0,0
"971",1986,"SI",0,0,0,0,40.19423
"972",1987,"SI",0,0,0,0,39.78642
"973",1988,"SI",0,0,0,0,0
"974",1989,"SI",0,0,0,0,0
"975",1990,"SI",0,0,0,0,0
"976",1991,"SI",0,0,0,0,0
"977",1992,"SI",19,0,77.09013,0,0
"978",1993,"SI",0,0,0,0,48.28677
"979",1994,"SI",0,0,0,0,0
"980",1995,"SI",0,0,0,0,0
"981",1996,"SI",0,0,0,0,0
"982",1997,"SI",0,0,0,0,0
"983",1998,"SI",0,0,0,0,0
"984",1999,"SI",0,0,0,0,0
"985",2000,"SI",0,0,0,0,73.15904
"986",2001,"SI",0,0,0,0,0
"987",2002,"SI",0,0,0,0,0
"988",2003,"SI",26,0,55.83691,0,0
"989",2004,"SI",0,0,0,0,0
"990",2005,"SI",0,0,0,12,0
"991",2006,"SI",0,0,0,0,0
"992",2007,"SI",0,0,0,0,0
"993",2008,"SI",0,0,0,0,0
"994",2009,"SI",0,0,0,0,0
"995",2010,"SI",0,0,0,0,0
"996",2011,"SI",0,0,69.16309,0,45.57143
"997",2012,"SI",24,0,0,4,84.76531
"998",2013,"SI",17,0,0,0,0
"999",2014,"SI",0,0,0,0,0
"1000",2015,"SI",33,0,0,0,0
"1001",2016,"SI",0,0,0,0,0
"1002",2017,"SI",18,0,0,0,41
"1003",2018,"SI",0,0,0,0,0
"1004",2019,"SI",24,0,0,0,0
"1005",2020,"SI",0,0,0,0,0
"1006",1981,"SK",0,0,0,0,0
"1007",1982,"SK",0,0,0,0,0
"1008",1983,"SK",0,0,0,0,0
"1009",1984,"SK",0,0,0,0,0
"1010",1985,"SK",0,39,0,0,0
"1011",1986,"SK",0,0,0,0,0
"1012",1987,"SK",0,0,0,0,0
"1013",1988,"SK",0,0,0,0,0
"1014",1989,"SK",0,0,0,0,43.0587
"1015",1990,"SK",0,0,0,0,0
"1016",1991,"SK",0,21,0,0,0
"1017",1992,"SK",0,0,0,0,0
"1018",1993,"SK",0,0,0,0,0
"1019",1994,"SK",18,0,0,0,0
"1020",1995,"SK",0,0,0,0,0
"1021",1996,"SK",0,23,0,0,0
"1022",1997,"SK",0,0,0,2,0
"1023",1998,"SK",0,0,0,2,0
"1024",1999,"SK",0,0,0,0,43.0916
"1025",2000,"SK",0,0,0,0,0
"1026",2001,"SK",0,0,0,8,0
"1027",2002,"SK",0,0,0,6,48.46117
"1028",2003,"SK",0,0,85.75676,0,0
"1029",2004,"SK",0,0,0,4,0
"1030",2005,"SK",0,0,0,0,0
"1031",2006,"SK",0,0,0,13,0
"1032",2007,"SK",0,0,0,0,0
"1033",2008,"SK",0,0,0,0,0
"1034",2009,"SK",0,0,0,0,0
"1035",2010,"SK",0,0,0,4,0
"1036",2011,"SK",0,0,0,0,0
"1037",2012,"SK",23,0,64.18074,0,0
"1038",2013,"SK",18,0,0,3,0
"1039",2014,"SK",0,0,0,0,0
"1040",2015,"SK",34,0,64.46453,0,0
"1041",2016,"SK",0,0,0,0,0
"1042",2017,"SK",18,0,0,0,0
"1043",2018,"SK",0,0,0,0,51.58779
"1044",2019,"SK",23,0,0,0,0
"1045",2020,"SK",0,0,0,0,0
"1046",1981,"UK",0,166,0,0,0
"1047",1982,"UK",0,0,0,0,0
"1048",1983,"UK",0,0,0,0,49.06581
"1049",1984,"UK",0,0,313.90764,0,0
"1050",1985,"UK",0,259,0,0,41.5245
"1051",1986,"UK",0,89,0,0,0
"1052",1987,"UK",0,21,0,0,0
"1053",1988,"UK",0,0,0,0,0
"1054",1989,"UK",0,0,132.67505,0,266.93969
"1055",1990,"UK",0,0,1025.47128,0,267.6881
"1056",1991,"UK",0,0,0,0,39.57397
"1057",1992,"UK",0,21,0,0,104.57276
"1058",1993,"UK",0,0,0,0,0
"1059",1994,"UK",0,0,0,2,84.17428
"1060",1995,"UK",75,0,809.21275,0,464.22508
"1061",1996,"UK",0,0,0,0,130.4927
"1062",1997,"UK",0,0,0,0,39.9019
"1063",1998,"UK",0,0,0,3,0
"1064",1999,"UK",0,0,0,4,0
"1065",2000,"UK",0,0,0,10,0
"1066",2001,"UK",0,0,0,2,0
"1067",2002,"UK",0,0,0,12,42.83966
"1068",2003,"UK",19,0,411.86161,0,444.10119
"1069",2004,"UK",0,0,0,3,0
"1070",2005,"UK",0,0,0,0,0
"1071",2006,"UK",110,0,0,0,45.66841
"1072",2007,"UK",0,0,0,82,0
"1073",2008,"UK",0,0,0,18,0
"1074",2009,"UK",0,0,0,5,40.37069
"1075",2010,"UK",0,403,0,0,0
"1076",2011,"UK",0,0,335.3511,0,0
"1077",2012,"UK",0,0,0,93,0
"1078",2013,"UK",0,0,0,0,0
"1079",2014,"UK",17,0,0,8,0
"1080",2015,"UK",0,0,0,7,40.76768
"1081",2016,"UK",0,0,0,0,0
"1082",2017,"UK",0,0,0,0,0
"1083",2018,"UK",18,0,0,0,363.18448
"1084",2019,"UK",0,0,0,0,0
"1085",2020,"UK",0,0,701.48157,0,0
