"","country","crop_name","crop_id","uncertainty_indicator","odds_ratio_days_heatwave","odds_ratio_days_coldwave","odds_ratio_days_drought","odds_ratio_days_flood","odds_ratio_exp_area_heatwaves","odds_ratio_exp_area_coldwaves","odds_ratio_exp_area_droughts","odds_ratio_exp_area_floods","max_likelihood_pseudo_R2","Wald_Test_p_val_days_heatwave","Wald_Test_p_val_days_coldwave","Wald_Test_p_val_days_drought","Wald_Test_p_val_days_flood","Wald_Test_p_val_exp_area_heatwaves","Wald_Test_p_val_exp_area_coldwaves","Wald_Test_p_val_exp_area_droughts","Wald_Test_p_val_exp_area_floods"
"1","AT","Wheat & spelt","C1100","0.543","0.962641848486863","0.965636647229457","0.998000349749673","1.54915806063454","1.94788137287271","3.54497834077053","1.77143797485529","0.720701607354899","0.448131601270486","0.193889151902471","0.103496271772166","0.901851622465652","0.0870766662194799","0.180200020922972","0.00682910170910743","0.485074454033776","0.465522825067671"
"2","AT","Rye","C1200","0.239","1.01288225951162","0.997523108860755","0.968611340624366","1.03833583638926","1.58205573264008","1.08533216328435","4.2335962700834","0.901948791611926","0.580834139374374","0.502947993359851","0.857756378124091","0.00497324512554953","0.823028184922344","0.163720277006126","0.778078475830518","0.0109992329763825","0.730148344376415"
"3","AT","Barley","C1300","1","1.01480968254973","0.994963382315838","0.963545657408181","1.07662331230984","1.6057812949623","1.1997058998347","4.87969843849084","0.902327782621398","0.736453475061379","0.30214045416032","0.662394088603974","7.00649787813539e-05","0.559206415716609","0.0527644931471387","0.444369101550457","0.000213581624128682","0.651075128803302"
"4","AT","Oats","C1400","0.239","0.983210037396031","0.973353249173457","0.992129363201841",NA,"28.2278938951226","4.66720051159565","12.0566490377457",NA,"0.267294155877925","0.456101352858537","0.665998844962049","0.60528860526311","1",NA,"0.143102236474548","0.800412530425798","1"
"5","AT","Maize","C1500","0.239","1.00057365426423","1.00020238864194","1.00045667397808","0.969992974644273","1.04716474590305","0.932383658961694","0.992905566324654","1.00917242617461","0.043524383981379","0.968913941452865","0.988105838441518","0.958645048875441","0.852403363429248","0.856732765788583","0.797594568445396","0.984631093489835","0.974283235642255"
"6","AT","Sorghum","C1700","0.239","0.999971619562078","0.996618073743512","0.96753747881029","0.98866661577649","1.71553940083651","1.01672538858583","4.81710321466401","0.906653586784626","0.5344419057292","0.998872093588659","0.841945617967047","0.00551472168870948","0.96364112524051","0.132364415262023","0.962019203769734","0.00472111080426023","0.812374828520514"
"7","AT","Roots & tubers","R0000","0.109","0.978607850479193","0.996250138064447","0.985015239674643","1.08561228368168","2.16855221750832","1.25028702903497","1.87009383305798","0.871956185393124","0.483303078319487","0.150898442690489","0.714424975088668","0.0732200279265126","0.505490795402231","0.00423010320140849","0.311399287476282","0.158634080364592","0.535275946918348"
"8","AT","Potatoes","R1000","1","0.982938161269113","1.02893401518366","0.977498567915692","1.19423006168566","1.25626723281251","0.6008220947064","3.02458869274108","0.56846829684645","0.140048744797924","0.62897021695994","0.254059299648279","0.248812231397122","0.557859168422448","0.708490019371116","0.338558058243899","0.292952574391282","0.298180360333217"
"9","AT","Sugar beet","R2000","1","0.998819819978932","0.996696176790845","1.00475916176877","0.819429890170546","1.00872106195733","0.867030698052086","0.942130642018447","1.47259429252675","0.227459355422055","0.947120190444007","0.762875184989871","0.494015139131564","0.117590139003216","0.972198973595797","0.473835912133777","0.829195493279226","0.0714425420678154"
"10","AT","Sunflower seed","I1120","0.948835839410868","0.981060429042463","1.00073672397955","0.991333455983166","0.599239749290496","1.54510732920117","0.720658074885491","2.79887227001273","2.66734648131334","0.422457595679093","0.531274706432258","0.969832320022717","0.605101607134778","0.0344031914845131","0.421440194918695","0.439223591603364","0.273271886190739","0.0249239369909239"
"11","AT","Soy beans","I1130","0.63","1.02219857939176","0.988686507217855","0.993477561746088","1.10451000375717","0.91359289643188","1.18782516093212","1.60798020118646","1.03548306086578","0.162032818719975","0.507000170478469","0.686055496781894","0.731706669075829","0.746636732399022","0.870321248835586","0.76332187116288","0.58036146476134","0.949240884040092"
"12","AT","Hemp","I2200","0.109","0.977365415541809","0.996201899796312","0.992713488049396","1.00646495965881","1.97175887770949","1.01054186332974","1.05227627031493","0.87218179972325","0.255164844075792","0.25957460124735","0.786794501093471","0.512178699175618","0.969837827801938","0.0552307187423792","0.972048264265814","0.930906653037169","0.653550742451989"
"13","AT","Tobacco","I3000","0.348","0.986567582685243","1.00197051871347","1.01661060253489","0.861259856470365","1.36530591517081","0.900944767754358","0.481346027666114","1.16552917070846","0.121271142413842","0.495395064345605","0.915468277717622","0.178457787165735","0.617538624372637","0.38963494445583","0.778687757207228","0.157275534780731","0.744733906436544"
"14","AT","Hops","I4000","0.109","0.997131661146123","1.01549476161396","0.982973145314316","1.21299167730251","1.29462141096573","0.939208720830881","1.73056725398465","0.688350928073481","0.301343825392883","0.86385275079798","0.34381604227767","0.137712710104673","0.131692849517597","0.353505344882277","0.841285774679231","0.191668245468219","0.122944350448733"
"15","AT","Green plants fodder","G0000","0.239","1.00964396703964","0.985264500769527","0.96906467301117","1.06600360602425","1.75165174338415","1.299343681144","3.61214881217336","0.965227522100068","0.675636979169476","0.52312355220349","0.276229163916626","0.00192645669446671","0.644446328607597","0.0330800768440842","0.337342492075317","0.00209135852776031","0.886570381648135"
"16","AT","Temporary grassland","G1000","0.239","1.0128321389353","1.0003523844147","0.960710900391042","1.01729962837884","1.7752572721922","1.08809269244151","4.60636968669904","0.973117781347802","0.846876085879735","0.214428188095421","0.971227753728158","4.27761957089166e-07","0.88003962714041","0.00240978294862149","0.665419001487449","1.05444018031274e-06","0.88946889660976"
"17","AT","Leguminous plants green","G2000","0.239","1","1","1","1","1","1","1","1","NaN","1","1","1","1","1","1","1","1"
"18","AT","Green maize","G3000","1","1.00215700210597","0.95911592318783","0.995388249107665","1.17216262247618","1.26164430954991","2.30824655076621","1.54685043739534","0.70392211499198","0.237182660275604","0.945317680803697","0.150688041327306","0.815512907177445","0.581414708918801","0.661228264316429","0.148472257753829","0.585784681987156","0.499957628652586"
"19","BE","Wheat & spelt","C1100","0.544807632731805","0.997266004493978","1.02696709195244","1.00802731543059","0.930497731990044","0.858117456390838","0.598183172492891","0.570507586662023","1.1853925228934","0.0798495996763678","0.977777744695464","0.449781227478694","0.250580820787081","0.678169852627788","0.885558145664491","0.455978804301783","0.220712866481013","0.755703138223274"
"20","BE","Rye","C1200","0.194590591924134","0.983532342492652","0.990747818065482","1.00810266935058","0.912132278208003","1.04728802267727","1.10683352554434","0.746638988865764","0.983598652251441","0.166569697178844","0.790075919642637","0.706370907903364","0.138454461578658","0.493481318716797","0.944772510466149","0.833905008958449","0.40456652344463","0.968789524294619"
"21","BE","Barley","C1300","1.00148582591231","0.9130580469056","0.990588710453286","1.01121546699027","1.08486292128829","2.33012699264567","1.17465413851208","0.695039609956844","0.694638344949847","0.347628713967157","0.177232650628502","0.676393713613437","0.0139598237882468","0.450771378500274","0.244624374329431","0.715833938739791","0.206701097172469","0.285504766580579"
"22","BE","Oats","C1400","0.222828777474227","1.02014247129266","1","1.00704204388534",NA,"0.299438566793302","1.17388060399551","0.0839721101750921",NA,"0.632697234920245","0.750354801865423","1","0.00689925277214128","1",NA,"0.857129136592764","0.941088334459584","1"
"23","BE","Maize","C1500","0.21700089651943","0.987440279902446","1.00079491986135","0.997546086471355","0.974584315997337","1.4428100843183","0.969814156853615","1.19133158339607","0.937628863792239","0.230871327590264","0.607856642739285","0.95024526716761","0.515103489548021","0.654635844839005","0.182126991593387","0.906654480675163","0.456245637007131","0.747571417974785"
"24","BE","Roots & tubers","R0000","0.0871620958766615","0.998288620454495","0.990017510433941","1.00038752981118","0.999284238912918","0.98399960907489","1.2711748257822","0.938092422787302","0.935379487205711","0.0579620923666992","0.964820790827494","0.510370508044621","0.902671561033785","0.992828734530783","0.969297505788194","0.424475746867715","0.758405017561475","0.792083779387837"
"25","BE","Potatoes","R1000","0.99925411991137","0.922209771997203","0.982574493293729","0.995932675485376","1.06238160053379","2.92677642394504","1.68470336288484","1.25910068321032","0.573830786697058","0.141570259145705","0.23976671620453","0.569870230872226","0.562269269359891","0.721458375654285","0.151966790783577","0.40878023623866","0.615300073042572","0.331662224098973"
"26","BE","Sugar beet","R2000","1.00038259997052","1.00126621764093","0.990745851315058","1.00033336176133","1.01176323858072","0.815885804915028","1.09537166731765","0.963085347534842","2.27733503518415","0.225235553006874","0.953574468572232","0.440046053023783","0.917432810547267","0.884275205046064","0.333288618807421","0.681216126703423","0.865001692616233","0.0252361343208968"
"27","BE","Fibre flax","I2100","0.21755437274217","0.910446108027439","1.00056240265806","1.01254700548809","1.1329968454377","2.90946037597304","0.980790396480212","0.656673235509514","0.615417059701344","0.593734562950505","0.0186359406767351","0.97025705885078","0.000419059136291895","0.124668366892754","0.0134136139547758","0.947901746404024","0.0504418277825879","0.0630345827698698"
"28","BE","Tobacco","I3000","0.673743243243243","1.0511887952605","1.00945222215339","0.985697004122376","1.17894728774085","0.762674366227344","0.807756682849678","2.06961101499552","0.692658248043491","0.200325731123171","0.328525649754973","0.716520852790074","0.0545566748866944","0.186855801596473","0.638075985496243","0.689806114109741","0.123146723618879","0.383233844399303"
"29","BE","Hops","I4000","0.043","1.00272510213907","0.989133294231083","1.00064556408533","1.00900697504625","0.966428809831982","1.39142263375791","0.955700338966927","0.908749800313591","0.143076332823441","0.876187842437058","0.249689627594955","0.83642199930384","0.817354291130065","0.861486139749647","0.0962970854413961","0.811908446251426","0.494669719019261"
"30","BE","Green maize","G3000","0.956801787776799","1.08345958381971","0.993282479996909","0.987782681920033","1.04739112190288","0.454042390813771","1.04683352891366","1.9029889399941","0.613250476485112","0.179490447208357","0.247445677398321","0.823800343148188","0.119104149817456","0.776917078437417","0.293857765198049","0.940801548624233","0.201125214722506","0.355963302599871"
"31","BG","Wheat & spelt","C1100","0","1.03872288473435","1.03185545642457","0.971887115424199","1.01112207570036","1.03574063424753","0.469729470671654","3.7202603738697","1.02594866885648","0.373478249968139","0.181917092816525","0.425087920166574","0.0195761558650594","0.56202009839607","0.93851551389636","0.362774482423166","0.0213581644652964","0.93132657520656"
"32","BG","Rye","C1200","0.239","1.01523255218479","0.960298399586709","0.998272164134698","0.965862219029887","0.925020761947601","2.23969714119274","1.37446472942021","1.47953292385071","0.276836695329955","0.509996070640357","0.384530174206988","0.838033439058682","0.148493318196247","0.838480366794147","0.388661843180472","0.451644137036351","0.182132412046293"
"33","BG","Barley","C1300","0.304","1","1","1","1","1","1","1","1","NaN","1","1","1","1","1","1","1","1"
"34","BG","Oats","C1400","0.109","1.01857217762607","0.993428500078511","0.989805080090634","1.0068417147297","0.439199344802784","2.18205293353954","53.5448578998263","0.357959877242332","0.310593453238794","0.0616448858178845","0.691454199518395","0.0309055083271074","0.398605168821418","0.481825434950786","0.761698486286572","0.0201676724498276","0.243728355913631"
"35","BG","Maize","C1500","0.239","1.03305475348371","1.00682319290424","0.992358089717972","1.00653514877824","0.668594893681339","0.738871988990132","1.34384425215996","0.803826399589414","0.190443333283865","0.0462740227245224","0.754781060820719","0.235475004185388","0.535660395540387","0.133752215659369","0.515228479028608","0.335546864049633","0.198152971429133"
"36","BG","Sorghum","C1700","0.022","1","1","1","1","1","1","1","1","NaN","1","1","1","1","1","1","1","1"
"37","BG","Potatoes","R1000","0.13","1.00867143615337","1.01542413003345","0.992269127109255","1.01173433355714","1.08045021394854","0.693152658834143","1.33958796096956","1.05936170886452","0.250677392985501","0.577089517225135","0.586404507721025","0.138448592011435","0.52983895279898","0.774716910108108","0.520350681702974","0.310671952213487","0.77846373362601"
"38","BG","Sugar beet","R2000","0","1","1","1","1","1","1","1","1","NaN","1","1","1","1","1","1","1","1"
"39","BG","Sunflower seed","I1120","0.304","1.00875182539728","0.993227610006285","1.00204766214785","0.992020875115129","1.35804844795352","1.12137749563359","1.04679956204845","1.2138404816144","0.394337351499537","0.731853069767281","0.847587187013676","0.845803174173108","0.641190860793608","0.462272216175263","0.87808722807241","0.926139917357077","0.473597540123138"
"40","BG","Soy beans","I1130","0.128674593665936","1","1","1","1","1","1","1","1","NaN","1","1","1","1","1","1","1","1"
"41","BG","Tobacco","I3000","0.13","1.0309813041897","1.02727756520767","0.993364148237744","1.00458930864558","0.886400422459278","0.497640243459383","1.02730984178313","0.724130166963303","0.306096841769957","0.0855757163671953","0.464565395232556","0.32822029438847","0.797797726415817","0.659272234236514","0.346463619726952","0.935093671388641","0.15071241515117"
"42","BG","Aromatic & medicinal plants","I5000","0.065","1.01617585037882","1.00303352002833","0.993799742021046","1.00562689023313","0.847503402048397","0.873402627303041","1.53056711481335","0.857586719591632","0.221273681173655","0.313921135629015","0.891092711035507","0.351588087259313","0.603925857650966","0.516806297397256","0.77109469606685","0.174664963945827","0.36215319736481"
"43","BG","Green plants fodder","G0000","0.087","0.998904527750691","0.989236987207824","0.996723821950423","0.99794544379614","0.977817546146149","1.21538167688425","1.32292345754471","1.03232216357579","0.136848590831827","0.918309207468978","0.570160013459498","0.519800725147172","0.82086543446512","0.895150977710924","0.613891247167247","0.247588227087864","0.804142292650148"
"44","BG","Leguminous plants green","G2000","0.043","1","1","1","1","1","1","1","1","NaN","1","1","1","1","1","1","1","1"
"45","BG","Green maize","G3000","0.174","1.02057104752657","0.986523511649187","1.00100479835507","1.0192672498264","0.927536873199574","1.11028461143154","1.10014705944867","0.695932963855709","0.264734424282226","0.334896528064422","0.694307125600368","0.920329606174664","0.271753155692157","0.823455151996397","0.881654355355183","0.839404572490658","0.151506548022581"
"46","HR","Wheat & spelt","C1100","0","1.02151026619465","1.00116207991098","0.992012155205169","1.20655778556339","1.01244563754886","0.887183747264587","1.10282726094013","0.673219430387354","0.592270284624478","0.0698730549742661","0.922232312165112","0.13002280206502","0.000478729963640028","0.962372530096212","0.677477435320616","0.737988260103716","0.028498721869185"
"47","HR","Rye","C1200","0.239","8.79612847025966e-143","0.985903490712894","0.99915752712288","1.18012352038262",NA,"1.52189413935442","1.06132627520175","0.886189200745724","0.449303134045538","0.39331879633642","0.253329354665908","0.855765626273267","0.00240808273958014","1",NA,"0.163118023053291","0.834192938714339"
"48","HR","Barley","C1300","0.261","6.27094936101727e-09","0.998030433450593","1.00284346706765","1.16502189698335",NA,"0.988506035884578","0.761014851635708","0.901042433255931","0.435419597415602","0.670846946811328","0.874244858199956","0.546374477286659","0.00517364658041485","1",NA,"0.96928265457266","0.346051561443302"
"49","HR","Oats","C1400","0.239","58601351543122935818","1.00059240318893","0.998663467589194","1.02952493659632",NA,"0.785689311326703","1.14754657310516","0.623416586137698","0.204760036594226","0.0266118879590122","0.963601146302477","0.784627460185336","0.58697436226885","1",NA,"0.645935717823138","0.784282550640539"
"50","HR","Maize","C1500","0.239","0.00265102278186253","0.986741989696787","0.997337088538081","0.966238728684842",NA,"1.48525809305016","1.22357510242403","1.23612547103381","0.14602011675235","0.242894839336339","0.235587706368463","0.526213562313368","0.455542997439052","1",NA,"0.146967477043368","0.434859521565975"
"51","HR","Sorghum","C1700","0.043","1.00130724327971","0.999073705592763","1.0008498575949","0.995888533674571","0.948183008754861","0.974997890455763","0.931432170087587","0.978445950643515","0.0305996896685775","0.875218744262004","0.914780044043598","0.822435030197713","0.907119359961118","0.780529719517678","0.903679344702824","0.73874504115093","0.863140037388019"
"52","HR","Roots & tubers","R0000","0.109","1.00043665054027","0.984086056998807","0.996833519444303","1.12153447583417","1.10658199775785","1.50586389542668","1.00471264632155","0.729470289347082","0.175680525206777","0.976369462888416","0.300037234361325","0.636807480739468","0.0741399984575176","0.764730430076894","0.274155182334225","0.990050887003359","0.165571042330944"
"53","HR","Potatoes","R1000","0.261","0.99705446166505","0.989746131014394","0.991704067745043","0.988052386136916","1.28817716472754","1.36107452180333","1.73215129158394","1.02838148794299","0.176322570986992","0.81967250471791","0.446196530290358","0.163517183876459","0.826789404665388","0.396299079741322","0.346849029094462","0.104262891963069","0.886779021760705"
"54","HR","Sugar beet","R2000","0.261","1","1","1","1","1","1","1","1","NaN","1","1","1","1","1","1","1","1"
"55","HR","Sunflower seed","I1120","0.261","1.04334002030541","1.00160497590142","0.992807214529023","1.08480962564523","0.520974174486408","0.924975634836979","1.39941886210127","0.901386633112312","0.364934054284758","0.00529934339851882","0.913989697005954","0.270591215250204","0.185020104641608","0.0533199007575046","0.827942478784783","0.360271722683785","0.632464624694984"
"56","HR","Soy beans","I1130","0.261","1.00474990292422","1.00100427127653","0.996951904079947","0.975480987279828","1.05622406033702","0.961409439706686","1.05369428280496","1.14911608270547","0.247966834568131","0.519159989394069","0.895308197048205","0.362926635569416","0.427110925398087","0.745072804619144","0.830937233816618","0.780327781739326","0.217492062768421"
"57","HR","Hemp","I2200","0.022","1","1","1","1","1","1","1","1","NaN","1","1","1","1","1","1","1","1"
"58","HR","Tobacco","I3000","0.261","0.999521850022233","1.00644178406698","0.996427272018942","1.06128878788692","1.76243959786365","0.748104556922285","0.961499876327162","0.834458291161989","0.413386231647182","0.972163769438411","0.653240298618651","0.566989370315378","0.310672577312245","0.0789524239329021","0.402576383113723","0.91085538787613","0.387729273265615"
"59","HR","Aromatic & medicinal plants","I5000","0.239","1.04643841588216","1.00518894008273","0.983712111005421","1.21007901691756","0.690031531680195","0.789621730496177","1.80250002247466","0.681318640665029","0.769105376715139","2.63272508905671e-05","0.593187518653891","0.00045637879868686","3.04927658841052e-05","0.0889929532217664","0.315762543259152","0.0178899993585263","0.0100417447264597"
"60","HR","Green plants fodder","G0000","0.239","0.989497087691543","0.990433790395218","1.00179657855722","1.04493570063607","1.68436241204478","1.3753400749622","0.993670769331534","0.955481982023896","0.289746736168273","0.485598167346398","0.541629041604429","0.793721987234202","0.493996953192555","0.138906054713917","0.403500615452879","0.986870009471043","0.842517535964654"
"61","HR","Temporary grassland","G1000","0.239","0.980396533384129","0.991627282093297","1.00358697010418","1.00695276355736","1.76562889766652","1.32355379866223","1.05608761895919","1.22828458558778","0.308282862622051","0.223534796914953","0.615977943017076","0.624949848397082","0.919101462152714","0.130235011205387","0.489653598128545","0.894408419424834","0.402392870052647"
"62","HR","Leguminous plants green","G2000","0.239","1","1","1","1","1","1","1","1","NaN","1","1","1","1","1","1","1","1"
"63","HR","Green maize","G3000","0.239","0.974793814928713","0.989939704914896","1.00504406002814","0.951196984330551","1.9804641505123","1.46419356947253","0.944196506995935","1.22325495473454","0.512401206464159","0.0146303373201396","0.332818919566954","0.271176270229508","0.241554487551712","0.0050676401154713","0.134769040983639","0.821633791157943","0.188863002557759"
"64","CZ","Wheat & spelt","C1100","0.109","0.991083404170321","0.995057220549805","1.00380788474893","1.00491328217924","1.62567765914121","1.10209263529228","1.08058049631669","1.91813373760063","0.558037916752837","0.720265120641299","0.776761250868806","0.493211376608569","0.691439870426054","0.33779960228695","0.815962645786378","0.816056152070739","0.00279006681979169"
"65","CZ","Rye","C1200","0.457","0.973436337147449","0.994538099761698","1.01228227861499","1.01322219569283","2.04476273672424","1.07721098980741","0.500451656789615","1.22203700821791","0.466276971662983","0.267521758357285","0.744664045780823","0.0274047316947272","0.272993696562819","0.146438810434163","0.853139153966205","0.0371212601474835","0.306652876022885"
"66","CZ","Barley","C1300","0.565","0.993461900126287","1.00039736655716","0.993707242209106","1.01092282677957","1.43096443330873","1.11584939775214","1.47103018117227","0.952770062719511","0.421688458560807","0.616190017540248","0.965285324031986","0.0351216804863223","0.099355064474575","0.179413694639321","0.616168684760515","0.0327341500598091","0.647576617108117"
"67","CZ","Oats","C1400","0.109","1.02999930420409","1.000118781576","0.998898643456838",NA,"0.197164414732072","0.749968093561113","1.05288860347363",NA,"0.138939446352266","0.126763042452166","0.992745172535992","0.79251915730733","1",NA,"0.23775841492827","0.79350151112747","1"
"68","CZ","Maize","C1500","0.457","1.00995385486001","0.994769629064345","0.990169009527377","1.02611212967297","1.04137929237861","1.24623429523578","2.05645773012311","1.0195241819023","0.40442114599633","0.684260322846326","0.757924340643096","0.0736401576385239","0.038258418169725","0.934033282771145","0.588986450927026","0.0322597882284121","0.921733628518637"
"69","CZ","Roots & tubers","R0000","0.109","1","1","1","1","1","1","1","1","NaN","1","1","1","1","1","1","1","1"
"70","CZ","Potatoes","R1000","0.37","1.06985823773454","1.00014957414293","1.01033914767481","0.997057389821891","0.286286404160446","0.831811911990722","0.578924698539168","1.14904004292268","0.345082231258759","0.00851492436078777","0.992953744952381","0.0621322346612292","0.805462268217862","0.0146956499969642","0.649772070747277","0.0979578121611965","0.48028794862378"
"71","CZ","Sugar beet","R2000","0.565","1.01640729322271","0.997256667799566","0.997271854019839","0.992625020176685","0.994864590462295","0.902507324972466","1.04853368999426","1.49816414924159","0.405868950116086","0.0576170238038417","0.649872257650839","0.318596167112746","0.340714172649748","0.968240710828581","0.445999834665904","0.713401126802258","0.00334233147026942"
"72","CZ","Sunflower seed","I1120","0.565","1.06184784307608","0.998644894932747","1.00003486147978","1.01941454258325","0.341400228296963","0.979315045617479","1.25061637119942","1.12795293677671","0.263727340083215","0.0653707955084816","0.951151726773214","0.996028259031533","0.224247607715159","0.0993588177071499","0.968491487932089","0.59704882947341","0.638988512261334"
"73","CZ","Soy beans","I1130","0.565","1.01965003485692","0.995375273835722","0.995944553171741","1.03196791390799","0.697793506825444","0.982172974457474","1.2607326705015","0.862234620853358","0.248332717748635","0.496770603496504","0.816248536093419","0.520888795917922","0.0314911756708696","0.532381568761036","0.96989838441579","0.543490590326005","0.522106546912625"
"74","CZ","Fibre flax","I2100","0.152","0.994613759384936","1.00115374901654","1.01229005179936","1.01057266998021","0.876210587582349","0.885588890624018","0.570918785847939","1.03253917212481","0.264229702847077","0.790079631616207","0.935159580636651","0.00994851331192561","0.297638764230509","0.746423213054132","0.720165806590259","0.0448328300740119","0.845286584488061"
"75","CZ","Hemp","I2200","0.087","0.993911606404403","0.999983654744339","0.998297131839945","1.00269275857032","0.98947861264312","0.930813100030747","1.23007519430546","0.923085018070238","0.105166112348886","0.707285234860463","0.998851431993608","0.635830042837968","0.737583982960307","0.974207345427016","0.791796769360509","0.342434390535882","0.543769478774537"
"76","CZ","Hops","I4000","0.109","1","1","1","1","1","1","1","1","NaN","1","1","1","1","1","1","1","1"
"77","CZ","Aromatic & medicinal plants","I5000","0.109","1.00430823104267","0.994478476657202","1.00057016948506","1.0227250571864","0.916373086392821","1.26326639424859","0.984435997921068","0.934641298299741","0.47217243179464","0.730668183776428","0.5268472437856","0.836388003654323","0.000885392933844947","0.728406964638634","0.267117716320925","0.924850588007995","0.504646974003933"
"78","CZ","Green plants fodder","G0000","0.109","1.00430823104267","0.994478476657202","1.00057016948506","1.0227250571864","0.916373086392821","1.26326639424859","0.984435997921068","0.934641298299741","0.47217243179464","0.730668183776428","0.5268472437856","0.836388003654323","0.000885392933844947","0.728406964638634","0.267117716320925","0.924850588007995","0.504646974003933"
"79","CZ","Temporary grassland","G1000","0.087","0.993461900126287","1.00039736655716","0.993707242209106","1.01092282677957","1.43096443330873","1.11584939775214","1.47103018117227","0.952770062719511","0.421688458560807","0.616190017540248","0.965285324031986","0.0351216804863223","0.099355064474575","0.179413694639321","0.616168684760515","0.0327341500598091","0.647576617108117"
"80","CZ","Leguminous plants green","G2000","0.109","1","1","1","1","1","1","1","1","NaN","1","1","1","1","1","1","1","1"
"81","CZ","Green maize","G3000","0.37","0.994121633646701","0.9935056903427","1.01153466875643","1.02552513481851","0.956224096734989","1.13713077184164","0.526714248082122","0.776456686607372","0.229970333991087","0.81134735721067","0.706088804355634","0.0423409780001414","0.0454015418782941","0.928266708610154","0.755609200290029","0.0585482560845169","0.211108071531809"
"82","DK","Wheat & spelt","C1100","0.543","0.972552724193824","1.02087090608862","1.02793301924002",NA,"2.02775588936202","0.67431516192799","0.362769993370075",NA,"0.247961853850238","0.270868381168147","0.0371772698023057","0.160175118328798","1",NA,"0.141216333279087","0.187613279059276","1"
"83","DK","Rye","C1200","0.239","1.01084904197846","1.01867290843895","1.01743377044411",NA,"0.916489033658977","0.638310371722943","0.49304417336671",NA,"0.325923535627615","0.512608062115595","0.00558319080544497","0.178625128831427","1",NA,"0.778567959425307","0.025652699243579","1"
"84","DK","Barley","C1300","1","1.0005406408597","1.0185422732664","1.0001134601519",NA,"0.955701133798992","0.651319699541677","0.963597099359477",NA,"0.376373165716967","0.962441261974091","0.000182515748780189","0.989777493558866","1",NA,"0.834341705903323","0.00307948125299311","1"
"85","DK","Oats","C1400","0.109","0.968359590850755","1.00091026164216","0.998706870367261",NA,"4.83171096692841","0.820489222199917","1.06231957910838",NA,"0.29934097793394","0.0616589481647618","0.887132701802505","0.920228120470915","1",NA,"0.0071121266190198","0.567683785503638","1"
"86","DK","Maize","C1500","0.239","0.975053310298658","1.00013839820469","0.999140272306728",NA,"1.94722760695223","0.908697899468227","0.922834880751147",NA,"0.235565724484983","0.106890209830986","0.981216165110835","0.94213212095426","1",NA,"0.0268462897942192","0.597542458437311","1"
"87","DK","Roots & tubers","R0000","0.109","0.999348166987542","1.01657005953809","1.00259764260975",NA,"0.953705740399186","0.754267433554839","0.858578179484331",NA,"0.286299607945095","0.964951545642398","0.0063348997708748","0.820797338980332","1",NA,"0.865604291452488","0.113663066934751","1"
"88","DK","Potatoes","R1000","0.87","0.993421033010354","0.988555271293342","1.00453099444456",NA,"1.28217666127263","1.68088543552669","0.794725114014719",NA,"0.0957177125715272","0.810120012772478","0.277765549761498","0.831078954757346","1",NA,"0.632042599449104","0.115365931465473","1"
"89","DK","Sugar beet","R2000","1","0.992278077403129","0.999454793472775","1.00212820416769",NA,"1.21872357569305","1.26536331917728","1.79908440525315",NA,"0.610612867871796","0.264478183648448","0.893495769169747","0.532324447266715","1",NA,"0.0874675845444575","0.0361439155512859","1"
"90","DK","Green plants fodder","G0000","0.196","1.00085226291856","1.01786045228316","1.00213389412547",NA,"0.87620487523829","0.603504093425041","0.819676499598944",NA,"0.235329803239442","0.961162852329025","0.0118513740758305","0.87453370584194","1",NA,"0.689276010147239","0.018927248433938","1"
"91","DK","Temporary grassland","G1000","0.109","1.0005406408597","1.0185422732664","1.0001134601519",NA,"0.955701133798992","0.651319699541677","0.963597099359477",NA,"0.376373165716967","0.962441261974091","0.000182515748780189","0.989777493558866","1",NA,"0.834341705903323","0.00307948125299311","1"
"92","DK","Leguminous plants green","G2000","0.109","1","1","1",NA,"1","1","1",NA,"NaN","1","1","1","1","1","1","1","1"
"93","DK","Green maize","G3000","0.761","0.988689538003858","1.00836116692945","1.01523213316427",NA,"0.869889404329063","0.96911224660721","0.627248447623448",NA,"0.170229335630305","0.665871842747299","0.410641475677278","0.458217007017243","1",NA,"0.778972811126283","0.919379547572205","1"
"94","EE","Oats","C1400","0","1","1","1",NA,"1","1","1",NA,"NaN","1","1","1","1","1","1","1","1"
"95","EE","Maize","C1500","0","1","1","1",NA,"1","1","1",NA,"NaN","1","1","1","1","1","1","1","1"
"96","FI","Wheat & spelt","C1100","0.109","1.00173479445354","0.986561953555255","1.02457311566222","0.83530183193554","1.29373719256693","1.88757970192021","0.474507831916158",NA,"0.217605366477375","0.97569716525756","0.5078440299289","0.202465392087672","0.718676078950158","0.835377911377188","0.310733104174269","0.355964845149435","1"
"97","FI","Rye","C1200","0.239","1.02574091606143","0.987776364442768","1.00383521544147","0.956917239565255","0.945772146790086","1.3811748972069","0.832176780270376",NA,"0.356908414182317","0.505061836766553","0.369542955603559","0.761667170098644","0.895549668385508","0.946178880188687","0.439175083126146","0.732747609959183","1"
"98","FI","Barley","C1300","0.565","1","1","1","1","1","1","1",NA,"NaN","1","1","1","1","1","1","1","1"
"99","FI","Oats","C1400","0.239","0.992713755371369","0.999859752251446","0.999642532580875","0.865398817401748","1.19099687013328","0.926940882461624","0.913017561877795",NA,"0.13685001026137","0.843675397965145","0.991552652946618","0.976629742741799","0.655434596718544","0.700184679376619","0.738441700746636","0.755713145141819","1"
"100","FI","Roots & tubers","R0000","0.043","0.981262105533507","0.992531701965148","0.994125251480356","1.03310692446442","1.83814916821129","1.34229121026826","1.33465111766881",NA,"0.248339206810394","0.451999359430881","0.406913320874682","0.482019185460273","0.883622923295504","0.267137274136647","0.287021936042546","0.419054205822929","1"
"101","FI","Potatoes","R1000","0.565","1.04861781971289","0.997989634616597","1.01170708691695","2.24687891838256","0.470818362088299","1.08920657414376","0.661891731193901",NA,"0.163769490344666","0.403658217560579","0.921397894138167","0.542874363469206","0.120771947221742","0.538234652770424","0.890406481532023","0.610967454046985","1"
"102","FI","Sugar beet","R2000","0.555160692928828","1.00383750493921","0.998137584688597","1.00027576709968","0.835454299646863","0.890244491145753","0.908871630577457","1.1684674339086",NA,"0.0624578579268256","0.677436938599381","0.796111741908698","0.958120980904299","0.733020630613483","0.522105503488293","0.62511789369301","0.44643820158925","1"
"103","FI","Sunflower seed","I1120","0.13","0.983685735450677","1.00187333170443","1.01465794442025","0.89291976846334","1.27696676952332","0.875332734356712","0.570601820336209",NA,"0.12087681466903","0.617570504341983","0.873311431657391","0.183559367327","0.692076696964464","0.733639662427775","0.710816771036762","0.228963158539215","1"
"104","FI","Aromatic & medicinal plants","I5000","0.239","1.05995049013861","0.999186848350439","0.990727351663841","0.796813129285512","0.358288477021948","0.808697949271034","1.12024534266228",NA,"0.263268568615232","0.160123514337791","0.955456718243133","0.488245613067022","0.523012422848569","0.254134816545871","0.634026823046063","0.842740208570844","1"
"105","FI","Green plants fodder","G0000","0.174","1.10440239262582","0.993288176220989","0.99137743012275","0.941863481004131","0.151737372201993","1.05310529011924","1.53413598604786",NA,"0.394747400723366","0.00288862814172862","0.545062743974088","0.400396503789238","0.825595787100367","0.00832794925874656","0.878651971043058","0.331037856409444","1"
"106","FI","Temporary grassland","G1000","0.174","1.1043902327676","0.993287284922591","0.991375689095432","0.941856988589593","0.151787098591346","1.05312484571958","1.53422612353622",NA,"0.394720708436745","0.00289112942338679","0.545021613342519","0.400347154600628","0.825599889191453","0.00833518129188545","0.878610143836986","0.331006913592229","1"
"107","FI","Leguminous plants green","G2000","0.0861981566820276","1","1","1","1","1","1","1",NA,"NaN","1","1","1","1","1","1","1","1"
"108","FR","Wheat & spelt","C1100","0.543","0.985103780829998","1.0226290691366","0.992744942320298","0.970860241129403","1.04306801776612","0.828433013102459","1.91416581175222","1.35286901713113","0.13844562792312","0.736331312150741","0.459684104935062","0.336413190950823","0.92715747016221","0.946651593596202","0.739226562924521","0.193204984144265","0.693221845955313"
"109","FR","Rye","C1200","0.282977857890872","0.93284881852743","0.98589598034814","0.992287870416906","1.48480487663489","2.44939916498795","1.37812457319361","1.88144519977977","0.39778492821417","0.138227202318531","0.540832549190776","0.665100698043728","0.457821252824763","0.285259806836351","0.453211225822271","0.594898833641054","0.315201151411171","0.221257982182617"
"110","FR","Barley","C1300","0.978","0.961471705795694","1.01328612576411","0.994230567405407","0.987136112630248","1.84742962627157","0.707042338238438","1.63431689924537","0.89765701834434","0.0826385135476181","0.465949408731074","0.645593845013279","0.413369148628739","0.974122483302231","0.39570218739426","0.521986901516676","0.321879763537379","0.896665421789983"
"111","FR","Oats","C1400","0.283","0.986979394904826","1.01414156717945","0.9990570393341","1.05859473553196","82.4105943295629","0.0134760457393056","2.5022255310065","2.35093053829743","0.19327992909919","0.7606565654076","0.590435731208585","0.898179451239455","0.805413112576479","0.39837004440412","0.348624410408807","0.829457512353629","0.882837477929089"
"112","FR","Maize","C1500","0.283","0.97247805781902","1.01602238279769","0.996550980600794","1.1761729863029","2.25984399996013","0.604921545782181","1.32155938927807","1.09006387901588","0.348855714991885","0.590625746650756","0.545587794450403","0.686576596614436","0.462258230734564","0.228715926930066","0.31542743274388","0.564428148231597","0.877559625915113"
"113","FR","Sorghum","C1700","0.281151317608579","1.01789625950241","1.00281207607179","0.981755567114601","1.2222927157699","0.884438785584571","0.938697888408887","3.04654571413828","0.479346852631631","0.200540922835835","0.535222729801752","0.933658038503143","0.321149540963281","0.111141694878176","0.807553015760629","0.915184822149538","0.25864977855682","0.124141642016903"
"114","FR","Roots & tubers","R0000","0.152","0.956131044130649","0.995694609791547","1.00212897913567","0.949377777567304","1.58897982117141","1.02954697333792","0.812143853521537","0.947081177030099","0.0797361082659643","0.409613904971151","0.863925834738705","0.683230463985592","0.821135191348045","0.520455297211233","0.952158633883906","0.602846514510019","0.926522988816622"
"115","FR","Potatoes","R1000","0.977995928853582","0.988027434980701","1.02344343855592","0.991239109786607","1.02162303908271","0.999926020542835","0.578064452378354","1.59962306219241","0.907849624928994","0.180145779382018","0.806687730060092","0.338496647912561","0.0788569550666975","0.9006621065016","0.999908126120165","0.236743906970591","0.198633018829747","0.845590550998113"
"116","FR","Sugar beet","R2000","0.977345404960448","0.983655387896103","0.991757296291383","1.0000480867933","1.11346253577771","1.58485662050701","1.24242956534467","0.964103329500348","0.308447153325388","0.310663150025819","0.325998205649153","0.431760333979367","0.985781889842328","0.360212814507828","0.0448210864103714","0.227488847285987","0.835264404914829","0.00186278635303572"
"117","FR","Sunflower seed","I1120","0.975539649856229","1.01162444741334","1.01743866970095","0.960897384469963","1.04681071466036","0.787966049977972","0.909365959845947","8.9767361873823","1.28169376430851","0.251085881707625","0.669864644677542","0.557029033561962","0.0127222887194065","0.731930117378213","0.598838826313499","0.854983207034973","0.0112816810382334","0.579184178972632"
"118","FR","Soy beans","I1130","0.672053733970489","1.003154402838","0.985039941671135","1.00782684865346","1.2764689491181","1.38394836490661","1.29658035320295","0.768266634937513","0.643221358669977","0.279350116874848","0.90643926862999","0.639583471265915","0.563598330383989","0.0423439602231649","0.493540713149017","0.652057403909101","0.721333247798237","0.335352586429607"
"119","FR","Fibre flax","I2100","0.28259831642401","1.01598158394579","0.973548460833859","0.992546707369635","1.03653592964662","0.912272981378183","1.76626546780966","1.96456394229104","0.680239861841966","0.172915759260953","0.760724601628878","0.332663960020309","0.186780342077072","0.816663824348712","0.89056062873972","0.285453431343434","0.084735363567052","0.417486535240867"
"120","FR","Hemp","I2200","0.148332778283682","0.976724673083322","1.00265025739643","1.00351924511003","0.889752896403061","1.26735457323975","1.01811754280592","0.810532845294453","0.961061233306678","0.0740823610375807","0.422782402629654","0.912853422855263","0.543530164565304","0.739330687714424","0.59433083911791","0.970650191512127","0.637491320618681","0.95056670239206"
"121","FR","Tobacco","I3000","0.954096729049405","0.991492458068954","1.01287662290081","1.00771253164809","1.12453407380741","0.812714233406831","0.720116168354249","0.496192448971244","0.925100618338212","0.261756225417114","0.781647091115517","0.691900975994672","0.543663175196078","0.583546992020696","0.681416293082137","0.586919786377301","0.320215793348819","0.89068831302333"
"122","FR","Hops","I4000","0.152","1.00446472551764","1.00267777381669","1.00281459062954","1.08851729407076","0.753259248415546","1.06106432855726","0.893865952816163","0.734845740699024","0.0937638246296433","0.863781784695593","0.885274861508061","0.467620014363643","0.852087020445709","0.524453629670481","0.887628888078163","0.745488621186948","0.674991127916043"
"123","FR","Aromatic & medicinal plants","I5000","0.022","1","1","1","1","1","1","1","1","NaN","1","1","1","1","1","1","1","1"
"124","FR","Green plants fodder","G0000","0.283","1.03727635313044","1.01225738369995","0.991109873389016","1.08576751464351","0.660732323425043","0.748362633790149","1.691521046135","0.603886516847041","0.113714729209018","0.370740102001395","0.73082143492593","0.401578492024262","0.764564365511847","0.48475710718851","0.65280108929471","0.38526232983046","0.488676100396359"
"125","FR","Temporary grassland","G1000","0.283","1.04320958587822","1.02016843079972","0.98709368426598","1.11794882859487","0.566070773059518","0.627476318227361","2.12708347881277","0.641117689761602","0.131942603336013","0.242136647290469","0.588605054861994","0.320096282451584","0.666868172769659","0.314401630364003","0.483678551761081","0.292225014583055","0.524886166984445"
"126","FR","Leguminous plants green","G2000","0.283","1","1","1","1","1","1","1","1","NaN","1","1","1","1","1","1","1","1"
"127","FR","Green maize","G3000","0.977996232896745","1.00237744016743","1.00775639692246","0.991033142055077","1.03263096273417","1.14892204335343","1.04641148161567","1.46690590866434","1.2225838022801","0.103721687994627","0.955882309817339","0.797392360314274","0.299219931858919","0.883719220017313","0.817224337065594","0.934578980426358","0.447064616174818","0.753983178269312"
"128","DE","Wheat & spelt","C1100","0.420043490003572","1.03937072290548","1.00090374912842","0.999559097125401","1.24411683900767","0.729765226041593","1.36950619247145","0.894985728666579","1.03255689928469","0.208029150168563","0.362390097788099","0.960252251413505","0.925953592249356","0.460977283966628","0.553964067060229","0.468798910000693","0.71320941968912","0.961320883009587"
"129","DE","Rye","C1200","0.239",NA,NA,NA,NA,NA,NA,NA,NA,"0","1","1","1","1","1","1","1","1"
"130","DE","Barley","C1300","0.891578895449912","1.00333876848904","1.01362346185068","1.00297556668272","1.73051015799133","1.11437657309681","0.839883567605021","1.26912343938174","0.413832182194589","0.389350819638521","0.939566238961961","0.443260859449061","0.535147867658807","0.0406524484772777","0.853102631042996","0.674591492711776","0.446229473714456","0.146207309013436"
"131","DE","Oats","C1400","0.234915464013467",NA,NA,NA,NA,NA,NA,NA,NA,"0","1","1","1","1","1","1","1","1"
"132","DE","Maize","C1500","0.23843826637292",NA,NA,NA,NA,NA,NA,NA,NA,"0","1","1","1","1","1","1","1","1"
"133","DE","Roots & tubers","R0000","0.109","0.925006676778218","1.01090683351328","1.00554975645443","1.23726282896505","2.62571483591917","0.939890384857663","0.921174252548529","0.955539754774205","0.481514867157347","0.00424200495159876","0.325212519508693","0.0675690956596324","0.189350186761062","0.00388233773326522","0.818102315573021","0.65616193872636","0.905461086183879"
"134","DE","Potatoes","R1000","0.947243414505346","1.04678953120014","0.953730380719334","0.98565071991352","1.06665535735899","0.620596267031791","3.28972796303233","2.16842665976042","0.486487685629052","0.362443504919986","0.301040821175439","0.0192462625554183","0.010443946195937","0.788215512096462","0.377835238526262","0.0188562911047687","0.0262485574746346","0.25586482603232"
"135","DE","Sugar beet","R2000","0.921709839883662","0.998440175518188","1.00405178987532","1.00131448984969","1.04822440412575","0.919557273739175","0.86349858205496","1.42866925717474","1.42357650604485","0.219999910241095","0.934653917914044","0.66104404145816","0.736665426097885","0.820344948229949","0.756548496039295","0.522241620010733","0.103844243784135","0.42413164136219"
"136","DE","Sunflower seed","I1120","0.522366919847795","1.0464430738559","0.982587449785953","1.00511925868664","1.20129648607428","0.740830773660104","1.55248308393276","0.586272232067959","1.11096747003757","0.280911934889245","0.290825798115396","0.464709437824685","0.369663013922342","0.496502452274206","0.621106061339831","0.435541553433668","0.202161685793921","0.870063242908046"
"137","DE","Soy beans","I1130","0.0919594529475205","1","1","1","1","1","1","1","1","NaN","1","1","1","1","1","1","1","1"
"138","DE","Temporary grassland","G1000","0.195876215684792","1.07737814314088","0.997621698597402","0.996554523291422","1.76843767782208","0.552075259715543","1.13534933896288","1.4896167489073","0.283272150470524","0.358871860239107","0.0739450919253196","0.888897149910747","0.42913137640539","0.0598662259195587","0.236644376172556","0.756377387521898","0.148071411481586","0.05137292714363"
"139","DE","Leguminous plants green","G2000","0.192546215032425","1","1","1","1","1","1","1","1","NaN","1","1","1","1","1","1","1","1"
"140","DE","Green maize","G3000","0.901440116180202","1.01051949099752","0.982997760576622","0.996964490851144","0.949277432839633","1.7857394704409","1.20341887759189","0.874815749784431","0.736505328640821","0.267321569659979","0.855438250655255","0.437316687595888","0.620076175794632","0.859704122353328","0.441662884711787","0.722851022853624","0.729860486517382","0.664301315197825"
"141","HU","Wheat & spelt","C1100","0.109","0.974178541261951","0.990027296149023","1.01546357859503","1.10275817554102","1.60325642745227","1.10554107111811","0.569353086144579","0.869368006885945","0.239281317415024","0.321612448680556","0.652749599532791","0.210844043369032","0.301815076744952","0.360296388836837","0.838089135959232","0.440204114062412","0.765111079338931"
"142","HU","Rye","C1200","0.239","2.42049772283776e+39","1.00676773171212","1.01027501231257","1.00878298235187",NA,"0.615898322819275","0.491353277983001","0.941877506538599","0.210091769921014","0.0242902194871","0.740296870458289","0.317193448640466","0.916320961535886","1",NA,"0.278093220595645","0.264364307375116"
"143","HU","Barley","C1300","0.565","1.06380086694522e+30","1.01349808630776","1.00677909321876","1.03130488278128",NA,"0.602997975396597","0.694357922434941","1.00979906638943","0.499408990806551","9.84296525226175e-06","0.340232526672584","0.310816380390478","0.601537956605848","1",NA,"0.109010506012642","0.377655093161127"
"144","HU","Oats","C1400","0.196","2248593012922300672","1.00779528193235","0.998201455824121","1.00583145593142","1.75460502392357","0.0167050361317425","2.78560475874371","0.192252142626191","0.252031014862452","0.20274248334816","0.543599532587944","0.803253829116572","0.902393048158116","0.853447687961273","0.232301889335272","0.841498164024046","0.533805585045919"
"145","HU","Maize","C1500","0.239","467.474896525783","1.00412874577537","0.992537078246489","0.994488047604642",NA,"0.877404137032931","1.63648391904516","1.01380466460822","0.374214217620036","0.000417525548385085","0.659720341392217","0.103424660578328","0.89281565062639","1",NA,"0.523545692440321","0.0854449045795783"
"146","HU","Sorghum","C1700","0.196","1.05270197891023","0.999043545781972","1.0122028726155","1.03663042958796","0.599458991808967","0.832545971611502","0.353825481319906","0.793962765988301","0.313659599320318","0.016355405061656","0.957602713560702","0.257769072073942","0.588268843618744","0.193144153763858","0.646254112809065","0.115562413045787","0.466211302317389"
"147","HU","Roots & tubers","R0000","0.043","1.01533153655283","0.997165477216665","1.00857257464","1.00132839708146","0.885982798559285","1.06270669122934","0.606844555601539","0.981970843994711","0.314467473401308","0.197585272157748","0.773784431974113","0.0976360493906018","0.976988043993788","0.583012375741124","0.778852310063175","0.108429964352457","0.93827834257575"
"148","HU","Potatoes","R1000","0.522","1.06274000191675","1.0023272132142","1.03027991456251","1.14529521268531","0.365857929639401","0.620558709179364","0.183221717217517","0.536387258586651","0.3869033925443","0.0110594468931426","0.907391274101929","0.00916251922328879","0.0974688414825489","0.0233809338076732","0.273181941041521","0.0153980518845721","0.117842310188987"
"149","HU","Sugar beet","R2000","0.565","1.00202981038814","0.999541826833696","1.0003317051912","0.987162752214359","1.25275024661813","0.914568728531836","0.857177286396455","2.33449721197885","0.545972395705922","0.772210246338535","0.93883671594054","0.888736196755884","0.699873616218336","0.106544313415829","0.464602718327444","0.226923671158485","8.36958235316936e-05"
"150","HU","Sunflower seed","I1120","0.565","1.01423604812087","1.00031026092717","1.01486270863291","1.01287052953686","1.14839018305116","0.915578729024785","0.448885494706791","1.92491128120757","0.37987208888194","0.537262136456809","0.987639042419139","0.205867768207264","0.865927873528029","0.750171097007743","0.841900920028697","0.258631560891531","0.0788012843691093"
"151","HU","Soy beans","I1130","0.56289142053629","1.05225050468901","1.00103284994142","0.991430542804626","1.15923724948975","0.507742946493387","0.708084305737463","1.51671827435318","0.501349828030796","0.296564529550432","0.0535054750884013","0.958740520079332","0.368430932362124","0.167640465529692","0.163781545220807","0.440857286308376","0.479351341105951","0.213627735105178"
"152","HU","Hemp","I2200","0.043","1.01020475972574","0.994417097913217","1.01437844001722","0.996448763735972","0.939945813453767","1.18532657782398","0.439776542174043","1.03720370762235","0.462901732019058","0.147988937070638","0.369285244808085","0.00344851310818851","0.840295435348944","0.636550960166147","0.235266526814863","0.00579521388706141","0.647026581377289"
"153","HU","Tobacco","I3000","0.559410983558712","1.0169761878299","0.992398680015289","0.988514460190503","0.938372545350853","0.798431812983386","1.17165104499778","2.66516335719103","1.85635385859861","0.229865132173054","0.499627461611489","0.732131013297609","0.476697848519754","0.324341744392401","0.63287704602104","0.755285369704719","0.328376169343872","0.0394884817535393"
"154","HU","Aromatic & medicinal plants","I5000","0.196","1.03982598016313","0.997762007953584","1.01680471433479","1.01809578098588","0.735907416408387","0.871149222058415","0.284445391854397","0.761872806501777","0.338161365896487","0.0417770272501282","0.893948919162823","0.168872641401058","0.73067531099705","0.388176377094374","0.715209619304953","0.0980302138434087","0.250199734057839"
"155","HU","Green plants fodder","G0000","0.196","1.06258238562817","0.997569784103417","0.99234836680513","1.00180609648209","0.52464504042268","0.953863587796297","1.57962814041264","0.821265093854019","0.489678012206553","0.00141587937651971","0.869309878030686","0.336393786061965","0.977437093365228","0.0658183042141956","0.884611942138907","0.340696551141582","0.539264298068612"
"156","HU","Temporary grassland","G1000","0.196","1.07562689110539","0.997503251001859","0.997942334882277","1.03917766869066","0.308349035839869","0.92242846997845","1.29724365377878","0.88483749897738","0.372990196751378","0.000572400982650064","0.878852477049872","0.81408864873141","0.595847750947473","0.00266922733123693","0.822719065784596","0.622694663756606","0.737630334026263"
"157","HU","Leguminous plants green","G2000","0.196","1","1","1","1","1","1","1","1","NaN","1","1","1","1","1","1","1","1"
"158","HU","Green maize","G3000","0.522","1.02230374713505","0.995450080170097","1.01546295911006","0.970345354815482","0.888321257230742","0.95238956706913","0.404227276729959","1.06317520615274","0.197079305664556","0.414474693182824","0.842229020480002","0.208859588475993","0.768016890707083","0.816566213310789","0.923102669931177","0.218199299877064","0.905513748653903"
"159","IE","Wheat & spelt","C1100","0.543","1.04264761055821","0.985326900624974","0.98823892681936","0.962741733541687","0.570799246249863","1.65728944601637","1.45640901305851","1.18757357625801","0.130290380358231","0.265463493440724","0.398442116709125","0.354621142496863","0.52349637385637","0.354897603721404","0.279105444852455","0.525412551389155","0.690715601077316"
"160","IE","Barley","C1300","0.783","10228909.1888839","1.00346121079757","1.00565418885568","0.989630864043449",NA,"0.817827844254854","0.827999282466119","1.02756602672138","0.256481781257349","0.00754131068269916","0.773943916746607","0.515138713457582","0.79420708353206","1",NA,"0.530474927616532","0.647407542578271"
"161","IE","Oats","C1400","0.239","0.000490725455925784","1.0000416048754","0.998885292946112","1.0005028786132","1.27027430591745","1.0029889768533","1.03394396784758","1.00169290939619","0.372433876236386","0.548525868823023","0.995512369805626","0.834205599941233","0.983677028916067","0.0867489978924425","0.970791699916313","0.752399976304983","0.982304170607213"
"162","IE","Potatoes","R1000","0.783","0.999942423451402","0.982986825684991","1.00418351202994","1.01383032961956","1.30554404728285","1.92374467916814","0.936658625505742","0.678353504994524","0.321187839613066","0.998599284362862","0.269194582729831","0.709956393858596","0.793360756128538","0.616791688507592","0.116458007013693","0.900128244828996","0.312713449032036"
"163","IE","Tobacco","I3000","0","1.04400331770674","0.995864035315668","1.01308226853496","1.06337221087492","0.558496287263044","0.998716620045042","0.496092765722999","0.823240656494471","0.250432858422964","0.109211250279126","0.737208647508112","0.155437805964427","0.150912998886032","0.17866985146868","0.99687407349276","0.101274119287737","0.526315007971093"
"164","IE","Green maize","G3000","0.174","1.00352739791548","1.00701195467671","1.00667603396472","0.936631112002073","0.907656922366859","0.70534370999111","0.704624015937682","1.81163554597945","0.208080996497142","0.87022471220861","0.490803305808526","0.369553513069377","0.0645289923347351","0.781647300882438","0.199345689896887","0.310807673507299","0.0230206998192465"
"165","IT","Wheat & spelt","C1100","0.522","1.01093593499776","1.074121717115","1.03757395577819","0.991147715321263","0.62017589755221","0.250199269249444","0.182685203172506","1.36863763632976","0.258354923025386","0.714469025529718","0.142877118430061","0.0878589647579087","0.933458756152857","0.448522115191183","0.123907755935188","0.0507401406312999","0.632766094775095"
"166","IT","Rye","C1200","0.205126883168925","1.38874647723648e+179","1.0351006894286","1.00068013503503","0.913468831831115",NA,"0.462193615245969","0.846121232730416","2.40351475117853","0.379062220174102","0.00140894250100663","0.28294133926837","0.955355503247313","0.126721217735139","1",NA,"0.194651004041754","0.734273012833192"
"167","IT","Barley","C1300","0.935","1362854.94068268","0.996828483124658","0.99977318054822","0.944602189752866",NA,"0.864513113897861","0.95788098078814","2.09712586217892","0.263294055500676","0.255217598781041","0.921829040617645","0.982799628187609","0.344628543791994","1",NA,"0.807849650856562","0.920761847737071"
"168","IT","Oats","C1400","0.239","73556.2960280807","1.00160698132807","1.01630217135211","0.920915983536985","1.34367434920044","0.232939121671397","0.00624858115040928","2.06287378140933","0.312747361773145","0.434596352581259","0.957983594840491","0.203506077718036","0.0593603909333067","0.921144136640873","0.711600647537601","0.187616430274449","0.698739720977955"
"169","IT","Maize","C1500","0.237800523207573","19.0438990620287","0.998171085198698","0.995128406508047","0.982050266538854",NA,"0.876866577037533","1.12661312636181","1.11614620842708","0.187564521679083","0.0351990780969898","0.945002924457436","0.525884969696741","0.524232392289866","1",NA,"0.800168275241664","0.710504445198062"
"170","IT","Sorghum","C1700","0.238900060804022","1.02335245512275","1.01151427875722","0.980318594594703","1.01526807304815","1.13492160051558","0.690149741302807","1.84088696478188","1.00034790985373","0.428254012974988","0.175848129937188","0.727482952985484","0.0799769845281924","0.720952818055621","0.761371331170064","0.577570313458234","0.168855967836116","0.998932717542331"
"171","IT","Potatoes","R1000","0.894081718191992","1.00978518457593","1.10447642807013","1.01618020104837","0.966740480478671","0.670852426854169","0.174003891035424","0.699961703526711","0.931453511932881","0.25240682625962","0.733192480864947","0.0355289841433867","0.421663020356713","0.735589438975402","0.510882591908842","0.039518850968546","0.638237993746972","0.891866853015571"
"172","IT","Sugar beet","R2000","0.795711465931601","1.00397369699254","1.00409266373574","0.996380633374791","1.05034828348667","0.858395210913113","1.10085492184229","1.42715369962165","1.5570004922335","0.179770794623615","0.690924737355174","0.742153616237907","0.598055028653583","0.284555866327223","0.516358283415782","0.674851785137049","0.150299208361251","0.146552875270149"
"173","IT","Sunflower seed","I1120","0.886898856114578","1.0171507189809","1.06636510672254","0.993787070489771","0.949498876034732","0.990802715045498","0.24172782322318","1.77117788678716","0.848856359984267","0.37555388343994","0.471644636828839","0.095425330004339","0.644036637606015","0.39006783103","0.986073412064066","0.0530722303898334","0.359520103155634","0.670122844239663"
"174","IT","Soy beans","I1130","0.673987452668625","0.976131043416522","0.957778967512952","1.01645691491713","1.00422877847606","2.45422440863747","2.6300517006002","0.529866493539577","1.12613606406924","0.189868467336873","0.266281419694805","0.303009396318377","0.233096681612226","0.931283668033246","0.102207257080527","0.253598340746534","0.244332377483372","0.715757959138247"
"175","IT","Fibre flax","I2100","0.130400055991041","0.994444878202793","0.9939775271437","1.00531283966122","0.959252969747266","1.67718479723824","0.973040801451074","0.642233309185793","1.19875349269901","0.340840281856048","0.698265589048665","0.810807286829284","0.541372794300795","0.272897361972937","0.135391966966347","0.954277495551104","0.272889448897936","0.4653307154584"
"176","IT","Hemp","I2200","0.00641666666666667","1","1","1","1","1","1","1","1","NaN","1","1","1","1","1","1","1","1"
"177","IT","Tobacco","I3000","0.642917302630333","0.978256471126659","1.06607009623394","1.00742990889863","1.00305554347057","1.43876379703486","0.311880572679242","0.662640197365049","0.784617886859413","0.133505417856781","0.317138735462248","0.118945612440655","0.574243504871287","0.948629553011024","0.490216219594251","0.136096782822831","0.459680244535149","0.509637691106442"
"178","IT","Aromatic & medicinal plants","I5000","0.022","1","1","1","1","1","1","1","1","NaN","1","1","1","1","1","1","1","1"
"179","IT","Green plants fodder","G0000","0.109","1.00326798571295","0.994430230768887","0.996660598951736","1.00079909417226","1.46187993151817","1.01015015198074","1.00035073316711","0.898688699041548","0.402829273129044","0.785321190665576","0.811721455477055","0.67812817902319","0.978764718444197","0.176776953685084","0.981582402603445","0.999110888885247","0.632376635476995"
"180","IT","Temporary grassland","G1000","0.109","0.999026923271012","1.00185743044671","1.00302598567649","0.994869955868747","1.44286402105673","0.818403547420229","0.842407597123523","0.831384772280091","0.313968931736468","0.956664667927873","0.946238466033503","0.797411578185104","0.901721986436089","0.349150223532627","0.682759021715876","0.702674488817418","0.5560571773418"
"181","IT","Leguminous plants green","G2000","0.109","1","1","1","1","1","1","1","1","NaN","1","1","1","1","1","1","1","1"
"182","IT","Green maize","G3000","0.778377306030485","1.00881074268387","1.03482035000833","1.00410140099841","1.02389509580884","0.780447082599689","0.56095069085694","0.783361590052759","0.861936945110484","0.0513306551604022","0.68512422539016","0.421456628172174","0.757825356741531","0.587608604712067","0.633814224694216","0.476777729440117","0.654160453334236","0.695755504474106"
"183","LT","Wheat & spelt","C1100","0.217","1.09764712741734","0.989638629843647","0.998760520062229","1.7494676222258","0.322842287411491","1.20984772660033","0.983516831853726","0.16468646097308","0.301091838638639","0.0516243837504222","0.646994752306242","0.857003214007246","0.342128704684102","0.15072974160276","0.718918309591576","0.967968244400367","0.246250312468193"
"184","LT","Rye","C1200","0.13",NA,"1.001324743663","1.00291247378006","0.897665399358251",NA,"0.867292986693529","0.854382946877281","1.2515316918082","0.0384583415841011","1",NA,"0.940718468595521","0.544494907521977","1","0.800563876832613",NA,"0.731521152298929"
"185","LT","Barley","C1300","0.348",NA,"1","1","1",NA,"1","1","1","NaN","1","1","1","1","1","1","1","1"
"186","LT","Maize","C1500","0.13",NA,"1","1","1",NA,"1","1","1","NaN","1","1","1","1","1","1","1","1"
"187","LT","Sugar beet","R2000","0.348","0.983789040560746","0.996059708653585","0.999704140563413","1.00775310970857","2.22775538144581","0.952745089738184","1.51970171395848",NA,"0.526902932885665","0.156681876993516","0.545930113467477","0.906632001057658","0.940329259684472","0.000128053907401897","0.714394238235592","0.00225125585230241","1"
"188","LT","Soy beans","I1130","0.13","1","1","1","1","1","1","1","1","NaN","1","1","1","1","1","1","1","1"
"189","MT","Potatoes","R1000","0.261","1.0023249597542","0.990031481512663","1.00012125107052",NA,"0.915580346255864","1.26658712164006","0.931696208163087",NA,"0.0718063584634255","0.813672965538164","0.669559870847063","0.956989768127199","1",NA,"0.640949746334666","0.426461610311369","1"
"190","NL","Wheat & spelt","C1100","0.543","1.02971386670154","1.00203510213131","0.997447866199132","17.3801489195757","0.857127154662668","0.961714163326903","1.13114530118334","0.0167251241771208","0.0970058052200402","0.524456989077074","0.94951846698222","0.762413304188069","0.145546721584892","0.757454809889816","0.955784845565934","0.797866056996124","0.170721495259014"
"191","NL","Rye","C1200","0.21158418263351","1.30611790513006e+142","0.966894081681598","1.00866221407427","0.202476272854158",NA,"1.7610430041864","0.794847953785861","2.75625740525417","0.190220522732228","0.583486627166998","0.195727138183845","0.212161316699312","0.6422353997504","1",NA,"0.325881417845935","0.577805835609244"
"192","NL","Barley","C1300","1","937753.888345738","0.972390452070812","1.01314058762208","0.152646686675236",NA,"1.80742445485366","0.548529473952927","4.11541548519991","0.157169801036798","0.898601650803814","0.266415346274005","0.0570314310766025","0.5119773923329","1",NA,"0.288304859108578","0.144369526800911"
"193","NL","Oats","C1400","0.194550804496363","4.80771222168041e-43","0.994915436355267","1.00713249732353","0.870032644882999","2.78818016867304","1.37675187210205","0.171159937223112","1.98657010353079","0.19294987615389","0.761043413015126","0.69097814145879","0.0499976973202566","0.931672782314912","0.363373582959676","0.827361995277687","0.115207370385004","0.938755899294248"
"194","NL","Maize","C1500","0.239","1.80627546737593e+53","0.998431874856941","1.00570042373324","3.58434597140998",NA,"0.89260591501535","0.923615136058093","0.242951355970657","0.21783247590401","0.195174477270426","0.937637022008646","0.26858532430136","0.871592876047182","1",NA,"0.79953241350268","0.795453468578933"
"195","NL","Roots & tubers","R0000","0.109","1.00660820100782","0.979084820433417","1.00086727925806","0.324316896772015","0.851034425951102","1.8796413010153","0.907774101055938","1.99809920800117","0.182960424299865","0.788430276899194","0.203232073620143","0.845477590366248","0.371331478391314","0.544679416830574","0.0868308094672484","0.702172292764345","0.65373740671709"
"196","NL","Potatoes","R1000","1","0.910626815153392","0.992124651844365","0.994670715787592","0.20232264287251","3.5154961114321","1.15579328567244","1.65452440435212","4.75668700233575","0.241708410153369","0.0442356265921756","0.7910135089641","0.512306891348386","0.510047135612866","0.0142896379287846","0.824878961504184","0.280431747299758","0.590875528819516"
"197","NL","Sugar beet","R2000","0.978","0.980313087817889","0.991575971045472","1.00357560668056","2.14402328991298","0.922096992529274","1.03543724549137","0.804435668424163","0.51775353554238","0.0866193472326741","0.355958310712594","0.440264525675951","0.395825864289756","0.424401392428466","0.724749393841944","0.877216420069336","0.326928023677557","0.514677406334623"
"198","NL","Fibre flax","I2100","0.228724950123054","1.02573830076177","0.983849625606318","1.0022048507106","23.7149229716223","0.715277364722525","1.20987809178132","1.31147094638354","0.001650827094213","0.270920653230309","0.357699751721588","0.448624164387454","0.687128038231116","0.38553620364264","0.274100404174936","0.68782413165796","0.403710847285164","0.380906305352115"
"199","NL","Hemp","I2200","0.0943513909224012","0.984878744555375","1.00893174392131","1.00783355371961","0.933011130371943","1.03996808847201","0.854997333361841","0.706844913819458",NA,"0.188848094949806","0.458361134815967","0.45917023108561","0.0446002420069393","0.795491279659862","0.866344336270338","0.540933054876968","0.127014729365768","1"
"200","NL","Green maize","G3000","0.804","0.946985448614051","0.996304755402508","0.989062705092951","0.00149885485986454","2.10766958509977","1.44899387906284","2.2904220812704","1019.31235542406","0.264180060853201","0.239493330238982","0.899342816167302","0.190426717737453","0.270253729908453","0.131548378480386","0.568573182859131","0.0852259241018464","0.244197731816061"
"201","PL","Wheat & spelt","C1100","0.0864175001733232","1.00970945040777","0.987536182777637","1.01438770612715","1.52692969175582","1.46189484143812","1.21750148756426","0.402005553044478","0.46855064655314","0.341156468634625","0.817811017474136","0.612542870602187","0.196224519812914","0.0966608498931197","0.534146387860149","0.738399473274935","0.098466831941977","0.264439217193133"
"202","PL","Rye","C1200","0.228831094667267","7.80226315301125","1.02164824837377","1.01124664960497","0.89206716089643",NA,"0.62505068888366","0.660261987213341","1.35846788583295","0.354727582035779","0.0923390979044012","0.265147414588323","0.246152118383983","0.676512930186701","1",NA,"0.309748008604518","0.378457509794731"
"203","PL","Barley","C1300","0.502254106692991","550.723445838719","1.00634086233465","1.02321066055951","0.92995019054333",NA,"0.766380898325102","0.364314876935697","1.1778118405507","0.665303463577736","0.107145486528156","0.541479051683225","3.08075533226911e-05","0.52361064467655","1",NA,"0.284447687883378","0.000149210692850107"
"204","PL","Oats","C1400","0.152","1","1","1","1","1","1","1","1","NaN","1","1","1","1","1","1","1","1"
"205","PL","Maize","C1500","0.231080652718076",NA,NA,NA,NA,NA,NA,NA,NA,"0","1","1","1","1","1","1","1","1"
"206","PL","Potatoes","R1000","0.433252065690946","0.963406260306994","0.985100517192624","1.00928528725341","1.89909090479435","1.83154934833462","1.50818311886326","0.73341991054109","0.339456416720829","0.196650055371621","0.340480653344797","0.513160732930731","0.392716649632608","0.0296955894666018","0.277169805553727","0.450024880174684","0.543886379841981","0.102796570836636"
"207","PL","Sugar beet","R2000","0.486403225823944","0.989842582752253","1.00088807856348","1.00551657013925","1.06375824666875","1.62880426102019","0.726353707919158","1.16582781210037","1.75915209184449","0.447448090472773","0.431299202583429","0.892528875307528","0.164445322091819","0.596675629804462","0.0113887535942281","0.0314911068783084","0.364989719328323","0.0428101549899182"
"208","PL","Sunflower seed","I1120","0.357083794850626","0.97610163230778","0.995288777801452","1.0104529122089","1.1161643356332","2.35366505473185","0.895938961322927","0.637599107716573","1.10440677457509","0.320623000072369","0.543167606047798","0.85272903268269","0.308239754919884","0.705627492342393","0.146300174247665","0.856115307190017","0.391182939974958","0.886771269542719"
"209","PL","Soy beans","I1130","0.196385581577039","0.950185362000582","1.0038896686219","1.00870621619687","0.96490722989329","2.44131790334958","0.884754169196632","0.671930792887764","0.826730829542023","0.160662486328153","0.147474843632194","0.851744616337241","0.360925176201561","0.862345295122224","0.0839120258584029","0.800389274532695","0.396148528820684","0.715111833198075"
"210","PL","Fibre flax","I2100","0.0302137096774194","1.05072393754533","0.998385155638385","0.999967482936351","0.964720250064635","0.5047342663306","1.0055338592188","1.00568474191436","1.06302471607912","0.645101856449464","2.71686346039356e-06","0.760816283959922","0.991625821348894","0.80452690465294","8.98013465454297e-06","0.965597159570903","0.969462345210983","0.772863244106675"
"211","PL","Tobacco","I3000","0.290320014303545","1.02609322774543","0.980800102234565","1.00862143412239","2.08758151470706","0.807155668386772","1.63926202844846","0.710517737985604","0.384438707147501","0.205452787665594","0.632434942528745","0.499336457001466","0.581039846693501","0.0828445309294923","0.787935795277126","0.47037931783587","0.650975286915157","0.24470191156378"
"212","PL","Green plants fodder","G0000","0.109","0.94993670400927","1.0028639783566","1.03120182246528","1.00639408749395","1.98736767108651","0.905021763301129","0.283431542258954","1.00852045962827","0.80837781432303","6.38355405155927e-05","0.63201905172369","1.17867905043525e-10","0.932660156012981","0.000148479672370791","0.491002560677426","3.46790972905457e-09","0.9583495073622"
"213","PL","Temporary grassland","G1000","0.109","0.917783933675486","0.998761638889175","1.03474529827162","1.02713070886874","3.78184944930483","0.949648452702206","0.23009916444376","0.931487899215262","0.704848795060038","3.83992260455676e-05","0.889691535945024","2.27636959575456e-07","0.794078091259756","1.34672679275964e-05","0.811241531848544","1.44128167649054e-06","0.764888764532112"
"214","PL","Leguminous plants green","G2000","0.109","1","1","1","1","1","1","1","1","NaN","1","1","1","1","1","1","1","1"
"215","PL","Green maize","G3000","0.366845580713407","1.04874775388159","0.963504822046415","1.01873916957791","1.39488122922847","0.478272910397579","2.28447978095796","0.418185702553819","0.484520193049628","0.292041113167955","0.322966480485166","0.139194203085837","0.181532167172124","0.340106113442196","0.285127225229701","0.172673033612183","0.189207023569997","0.303290587493658"
"216","PT","Wheat & spelt","C1100","0.348","0.961134533925755","0.929121688614461","1.00635012451873","0.915568115629523","1.48721423720679","2.14467505463154","0.832082105567778","1.57665193981377","0.130100329307267","0.586909992738243","0.770785865671436","0.500542417695679","0.325106472256373","0.746388601122132","0.809437045537571","0.751276356432356","0.221378881134849"
"217","PT","Rye","C1200","0.478","7.76636939296711e+61","1.38075807295911","1.02256586259236","0.916512402453039",NA,"0.018469932237231","0.376158629636411","1.68874158585331","0.622733285777624","0.0135980181531205","0.0465763682151764","0.000259361580625729","0.0939785644797478","1",NA,"0.0482213197089974","0.00744567721818765"
"218","PT","Barley","C1300","0.761","2.87800590194248e+102","1.40039848909596","1.01994806996494","0.990843177062356",NA,"0.0155855166116941","0.390981527593605","1.24111021312879","0.304652304305719","0.327057392973575","0.137163081418239","0.0152224272555981","0.898552011911259","1",NA,"0.140628825935609","0.0616794013727539"
"219","PT","Oats","C1400","0.478","4.54717252769802e+63","0.927715425707865","1.00145463469057","0.953912463441451","0.13612593486941","5.18399408924084","0.993715015906014","1.4072415891498","0.26882634143611","0.0566845095589471","0.726714942538466","0.843512458931142","0.492837978799331","0.21238080662658","0.798675260813972","0.995533233584599","0.611914820207708"
"220","PT","Maize","C1500","0.478","2279009317026752","0.722275191700694","1.01517670218634","0.943689372694125",NA,"63.6921344760331","0.452146329780323","1.46634824134182","0.461781163621442","0.00749161025568832","0.0589933900667041","0.0139981908127175","0.289866835896016","1",NA,"0.0535047583886714","0.0370732639470272"
"221","PT","Potatoes","R1000","0.804","1.11715027834829","0.869055668338664","0.995861591725841","0.980768524018295","0.22811309103258","5.72193905639395","1.30246257027059","1.13322816439735","0.203054543937478","0.119064713080106","0.561971532000552","0.644092600596368","0.819624916018013","0.21374151190048","0.565486196050564","0.634394066927369","0.722646159838317"
"222","PT","Sugar beet","R2000","0.326","1.01035209699521","1.00192800188834","1.00047075931532","0.966883739293413","0.92962796923473","0.901906216211669","1.08972006138066","0.852337945078769","0.0736642099559386","0.408987505976531","0.92934828441746","0.908998365194596","0.485759948437773","0.724887870836154","0.638413751472887","0.716953767103602","0.656626294704587"
"223","PT","Sunflower seed","I1120","0.826","0.988991482103315","0.755159104279125","0.989407792847652","1.02556135697345","1.11859728839001","38.8439945238278","2.61091892480955","0.821862295585533","0.206189033003467","0.873530417823004","0.248822575649291","0.23909820169728","0.766556776931667","0.923780903126808","0.231217700820275","0.090414933380117","0.577538416221746"
"224","PT","Tobacco","I3000","0.63","0.997003717271398","0.958049183021954","0.986178382790167","0.959712808647865","0.886284511974078","1.28356645107118","2.3521735133583","1.02042064096648","0.172609335709692","0.96628071806752","0.861686389455348","0.134511083423607","0.636044277488206","0.919601615121347","0.935490922928408","0.137219278449223","0.955057293994547"
"225","PT","Hops","I4000","0.348","0.917509625302702","1.70700383377549","1.02023848454966","1.04804922118174","3.38756375659893","0.00108734082211968","0.29776776919202","1.34864664639512","0.410989026912754","0.126870403044706","0.00845392473283871","0.00793029110007608","0.489245055855023","0.196627697478062","0.00748255092575526","0.00932750486524461","0.289106811542026"
"226","PT","Green maize","G3000","0.217","0.997333012155477","0.894651284715648","1.00460666705231","0.975990186649005","1.54850612958529","4.59664880028374","0.936751349426414","1.01160539496556","0.320982862234166","0.95663766486154","0.514412255554561","0.46880813505947","0.685899374664018","0.597991743000393","0.476568240406908","0.867328783764111","0.962917213601886"
"227","RO","Wheat & spelt","C1100","0.109","0.976413888805747","0.994054705019677","1.01811584283375","1.04793843913227","2.02027293100079","1.25823119554542","0.639426597346389","0.749300835958283","0.625977350599442","0.191336772265904","0.742347968865193","0.0750848933329741","0.0419298737465133","0.0354246078693734","0.568490466433018","0.424993904025981","0.334114274852446"
"228","RO","Rye","C1200","0.457","3.30730322798102e+58","1.00160240174608","0.997323529781914","1.02258137108478",NA,"0.856857822658731","2.2529329356153","1.06068348922931","0.68613121087436","0.0958327574947902","0.921431136477203","0.7604868805525","0.234659938540225","1",NA,"0.667539046483125","0.141632601552378"
"229","RO","Barley","C1300","0.565","1","1","1","1",NA,"1","1","1","NaN","1","1","1","1","1","1","1","1"
"230","RO","Maize","C1500","0.457","2.46430195350996","1.001400636396","1.02506955710603","1.0346815138302",NA,"0.824821458830129","0.278289923843056","0.768013919127544","0.292616338517817","0.684460156529443","0.948990996304832","0.0342303979218958","0.209682463187034","1",NA,"0.690522687387779","0.0628800405525415"
"231","RO","Potatoes","R1000","0.326","0.985620739884836","0.992620681450498","1.01203194950598","1.02410729048915","1.50409691637222","1.28284231452969","0.58092348075159","1.11673221741466","0.280686907491284","0.544217207737616","0.750699736833617","0.364137304326374","0.428624905208727","0.372843157348436","0.627410577782422","0.512934900430414","0.780260348720409"
"232","RO","Sugar beet","R2000","0.563175903878975","1.0049505125884","0.994053631268097","0.997832840643527","0.995390995576818","1.01416727489971","1.10905749232631","1.25158745660654","1.77327183299335","0.237816797787954","0.649439510588709","0.521755760877992","0.580445625089777","0.726845672799798","0.945556920991167","0.607993944083759","0.294775644969239","0.0124377412895153"
"233","RO","Sunflower seed","I1120","0.565","0.996951530537606","0.97773310821945","1.00903763999273","0.979360159346709","1.45312704824344","1.88804269773716","1.03735206100414","1.69952472374906","0.601445247063385","0.87322268563774","0.260266786693117","0.370124495352426","0.399528206373836","0.282017542161009","0.153526074041625","0.948802593783498","0.1147515988928"
"234","RO","Soy beans","I1130","0.565","1.02813092804327","0.999001397501785","1.01123928319485","1.00547572144389","0.99498873006473","0.817701975818432","0.544019362570329","1.32584730523034","0.401976736303489","0.225461150980079","0.965875069753084","0.32181773445959","0.856717366102368","0.99024109797659","0.694478709104956","0.353808349949484","0.480942943849835"
"235","RO","Tobacco","I3000","0.554449712547506","1.01023503012821","0.981267649024851","0.998916500985609","1.04540733756255","1.22836012481059","1.22379136291538","1.30081702010807","0.752317464745935","0.316332799098575","0.697138196014477","0.485519950331712","0.946371450603294","0.202981788641166","0.672996787434425","0.73480233860112","0.783449672705604","0.519419752567089"
"236","RO","Green maize","G3000","0.326","0.970787358424474","0.968004226202983","0.994729539171056","0.982461841234952","1.49583319458419","2.67175529894482","2.00386343951705","1.35017068319371","0.309034761570321","0.182309562233271","0.136045218651876","0.660035814387364","0.532281953409152","0.336536449815649","0.0426111236482405","0.359110431412198","0.416091032232927"
"237","SK","Wheat & spelt","C1100","0.109","0.95776206103703","0.977200745343459","0.979549702031138","0.859285559996794","3.26158833382896","1.75451151993425","2.57321361971778","5.00131459268286","0.1545072635509","0.175381907475927","0.384291757688798","0.0976350994195063","0.21778568439536","0.114113327380611","0.307641857731724","0.120731268992632","0.298601017467626"
"238","SK","Rye","C1200","0.239",NA,"1.00019567718345","0.988444903105483","0.940647869486709",NA,"0.832784754014457","1.95867943336004","1.75278487474975","0.120054585321155","1",NA,"0.992718899790049","0.166176349068748","1","0.527471212210287",NA,"0.679166224713019"
"239","SK","Barley","C1300","0.565",NA,"1.0005320693889","0.997183446872613","0.975964334244627",NA,"0.927199233318633","1.2457121795758","1.27707700630364","0.0482577342398886","1",NA,"0.968824085032699","0.591932873934142","1","0.691707525899729",NA,"0.787654671023626"
"240","SK","Oats","C1400","0.239",NA,"0.999435619766122","1.00004433404407","0.999938723927679",NA,"0.719550565286033","0.620798633377539","0.561466644496766","0.0300492724141932","1",NA,"0.967225694466878","0.993326249303319","1","0.999209666348784",NA,"0.875498555230362"
"241","SK","Maize","C1500","0.239",NA,"1.00057931085611","0.989436736453199","1.00636363066033",NA,"0.827272134041715","1.88799830437512","0.810706884648286","0.120154788635266","1",NA,"0.976732597576622","0.171773932334094","1","0.943439716555004",NA,"0.643622419583385"
"242","SK","Sorghum","C1700","0.239","0.977544805070202","1.00054954398772","0.990984661600803","0.95987066482915","1.54149106260323","0.936524813751319","2.02219268639028","1.61369588964852","0.30113521004419","0.120876390323863","0.963652208551994","0.111967522117494","0.463407181739849","0.203000508173963","0.793213246425532","0.0142267064404827","0.497324465378751"
"243","SK","Roots & tubers","R0000","0.109","1","1","1","1","1","1","1","1","NaN","1","1","1","1","1","1","1","1"
"244","SK","Potatoes","R1000","0.565","0.976352854327681","0.998152756593714","0.982230597455878","1.15679341726927","2.31650250343296","0.909683032050728","1.82667494048262","0.376801141702443","0.25596491629722","0.418586316366523","0.940365260704274","0.124284122500777","0.207293106707409","0.22738763493167","0.853520507641871","0.286619614763756","0.499478210530198"
"245","SK","Sugar beet","R2000","0.565","1.01076349008806","1.00486557102002","1.00157176804846","1.02380414572415","1.10687662343454","0.726402964491372","1.42232399839345",NA,"0.352160315609108","0.254958455281762","0.613052735876838","0.731337661983001","0.493388811892944","0.563479862826695","0.104316085387292","0.0525935871961671","1"
"246","SK","Sunflower seed","I1120","0.565","1.00917981918962","0.997334276723013","1.01585905813873","0.982576263288221","0.866058076414159","1.08878405758488","0.508967589780028","1.04626498435778","0.105761082974891","0.759310575169356","0.915073971065033","0.180809849912675","0.87901561213044","0.836459786617367","0.869861294568217","0.239186122788808","0.975258265829153"
"247","SK","Soy beans","I1130","0.522","0.992918807525134","1.00010010835285","0.995017837809068","0.986728563850612","1.00160552732249","0.955219812750678","1.57015471083303","1.15303620787436","0.26385826435056","0.502304594484115","0.990988817510481","0.228989880294637","0.744056673016753","0.99480982144769","0.803281700133052","0.0307249170798682","0.782875141927167"
"248","SK","Fibre flax","I2100","0.043",NA,NA,NA,NA,NA,NA,NA,NA,"NaN","1","1","1","1","1","1","1","1"
"249","SK","Hemp","I2200","0.022",NA,NA,NA,NA,NA,NA,NA,NA,"NaN","1","1","1","1","1","1","1","1"
"250","SK","Tobacco","I3000","0.283",NA,NA,NA,NA,NA,NA,NA,NA,"NaN","1","1","1","1","1","1","1","1"
"251","SK","Hops","I4000","0.109","0.974022720698763","1.0000289701499","0.989842361001381","1.19379854334302","2.05298834925754","1.03911515303302","1.72506607218094","0.123373061275889","0.614509843590785","0.0183961874961105","0.997418416776119","0.0186356604786582","0.000147507294902272","0.00662426649692171","0.836357176941939","0.0109045921999944","0.000323479877584964"
"252","SK","Aromatic & medicinal plants","I5000","0.239","0.988113304390052","0.999958016930929","0.997338188545403","0.977786831612351","1.35388650111196","0.927023290939182","1.1650302470634","1.21004067517158","0.0434479175578196","0.556862350365593","0.998034726693786","0.735750142013573","0.77525697592184","0.524309817918038","0.830332830778579","0.692955804888884","0.847806813335011"
"253","SK","Green plants fodder","G0000","0.239","0.984516354873716","1.00044939064712","0.995946629241194","0.972780863952441","1.5390201237447","0.980428589577173","1.28789390780315","1.39951883438543","0.177120049316141","0.16855124620761","0.961760929912316","0.35252624525363","0.524588409510531","0.105603893518719","0.919001577569918","0.238933874349706","0.53938970016204"
"254","SK","Temporary grassland","G1000","0.239","0.984516354873716","1.00044939064712","0.995946629241194","0.972780863952441","1.5390201237447","0.980428589577173","1.28789390780315","1.39951883438543","0.177120049316141","0.16855124620761","0.961760929912316","0.35252624525363","0.524588409510531","0.105603893518719","0.919001577569918","0.238933874349706","0.53938970016204"
"255","SK","Leguminous plants green","G2000","0.239","1","1","1","1","1","1","1",NA,"NaN","1","1","1","1","1","1","1","1"
"256","SK","Green maize","G3000","0.565","0.9602639006687","0.980407132134549","1.0006221607499","1.03778831503576","3.45208382108097","1.97902199543145","1.1660086327458","0.606884456781402","0.435335390851547","0.120984647345919","0.361339198808549","0.950240407171306","0.709110372107928","0.0453998701866588","0.133441454769782","0.753168373302325","0.69091506784805"
"257","ES","Wheat & spelt","C1100","0.543","1.03235919763249","0.914851135781164","1.01515723403011","0.66883663706574","0.422382778076309","2.96426407660634","0.478087645948791","1.8844932618755","0.195085642447286","0.234619889828461","0.18456333920685","0.216477875841511","0.260135986192407","0.156553519389753","0.308770004928995","0.289810364867592","0.497145580245715"
"258","ES","Rye","C1200","0.239","1.05001301862252","1.03484244225739","1.00945186466635","0.692302999202808","0.622816205014215","0.536356997543935","0.481753318826106","2.79429615356611","0.317552073516913","0.0449902164390688","0.49382943055022","0.336033965369342","0.261857684943129","0.370519351249989","0.444536520892423","0.219493252776794","0.159695577585729"
"259","ES","Barley","C1300","0.935","1.06328526185095","1.03836665675792","1.01504867836511","0.741668461566776","0.360083014244345","0.511224771070766","0.439144130181168","2.83961665663903","0.411020817042309","0.00135029132933774","0.376006088254323","0.0692938707998989","0.149778796479511","0.0123771944807941","0.338550039511422","0.0718390700342791","0.0559714466549512"
"260","ES","Oats","C1400","0.239","1.03113850825972","0.975752948647177","0.996562083517548","0.955338635327275","0.559983087218809","1.75070222966515","1.10189267050744","1.01493601126368","0.287257281973074","0.0271156930309803","0.463728673443029","0.567445762247531","0.801479875786003","0.152426524655609","0.430758303458217","0.833950776011637","0.980091179348031"
"261","ES","Maize","C1500","0.239","1.01190213834761","0.985882768285293","0.992052932685406","0.844208484542119","1.14570446401066","1.28341871179004","1.44318174504092","2.03714736530097","0.349699833680282","0.473073641145961","0.700340599014111","0.278328396696624","0.356222263667866","0.692633706575453","0.676823508472988","0.368175233998695","0.153589412397039"
"262","ES","Sorghum","C1700","0.238775668022783","1.00809348978767","1.07329632360815","0.991143449448669","1.05221591621981","1.72922773162533","0.294831499653526","1.6635723723283","0.982751740929623","0.403793254964059","0.606350973567487","0.240045395271776","0.327559017475808","0.707948715191428","0.162674222078754","0.179429869405522","0.325746385117871","0.970549809586246"
"263","ES","Roots & tubers","R0000","0.109","0.998306931380743","1.03398419982944","1.01611206200111","1.35066950007552","1.15334745875827","0.589302266068372","0.396252165475675","0.626305885521539","0.170054774429977","0.937498575640893","0.468142907595389","0.111664703510947","0.23914542699062","0.763913689500788","0.470577554531394","0.092268683987861","0.434403388349432"
"264","ES","Potatoes","R1000","0.935","0.979459343990782","1.04500989714897","0.990931999292386","0.971276718008869","1.23538994285113","0.449465345120265","1.60449131524257","1.55842140177293","0.158745202612548","0.486150366204235","0.477769796106713","0.515815184085509","0.923900192500197","0.723839320526477","0.400915160931777","0.525639640393338","0.58981503900266"
"265","ES","Sugar beet","R2000","0.934945945613128","1.0040341620696","0.998674052422857","1.0004480408465","0.866145688155768","0.999228246460259","0.780311845248076","1.02508725108911","0.345739836350934","0.451721263893476","0.556359255858778","0.906464618245274","0.888851949029776","0.168050771803348","0.995968994642804","0.122932203450527","0.890960734660363","0.00123158097612332"
"266","ES","Sunflower seed","I1120","0.934972777345745","1.02064303983038","0.933284657409995","1.00918044341553","1.12160317755537","0.607102519520607","2.84784685918276","0.69596603457281","0.576254907006579","0.121294644265955","0.352630768119607","0.274008626598573","0.392986902520012","0.60169866234955","0.370164966702142","0.286838357401975","0.580012333911215","0.36295026737722"
"267","ES","Soy beans","I1130","0.450980181299624","1.03297940732364","0.961783622786173","1.00174641876348","0.832818918747809","0.696397128857105","2.11030764335179","0.763895096533812","1.71313788512119","0.163635995122521","0.220304206522572","0.491969289168984","0.882798861792495","0.515847483062387","0.537715726440927","0.430713403754586","0.682523493901815","0.432385284692622"
"268","ES","Fibre flax","I2100","0.087","1","1","1","1","1","1","1","1","NaN","1","1","1","1","1","1","1","1"
"269","ES","Hemp","I2200","0.043","0.989124635801152","1.00859811659454","0.997806812042816","0.980197461570317","1.46189809739405","0.854220898718883","1.10055839614702","1.12069173153014","0.217882472860345","0.062419549524692","0.689016992272065","0.512577801448936","0.714965921107821","0.012668667403234","0.62912852856317","0.666423868533844","0.668433403363566"
"270","ES","Tobacco","I3000","0.934245476608823","0.984421712042667","0.958251313844071","0.990137004145542","1.00423605891681","1.03492652330965","2.19757249875169","1.2067928116014","0.471639186298398","0.418944785991372","0.49292948305689","0.384639070354721","0.266192827883747","0.988970186690407","0.948198562210771","0.33656083758408","0.728202142086561","0.225471597480303"
"271","ES","Hops","I4000","0.109","0.995747968957223","0.994020803840117","1.01019012074367","0.996787348017826","1.23436351047832","1.0278984450344","0.52864670963225","0.898643053747844","0.154632522798995","0.801229144637994","0.86304830457698","0.114226699779855","0.986678829535653","0.592062012246623","0.962537914550561","0.09608820558689","0.779039902095485"
"272","ES","Aromatic & medicinal plants","I5000","0.238750793696091","1.02441798899081","0.966111904980005","0.98940383612036","1.07315837346874","0.870102095654124","1.74308914895454","1.34280817472071","0.874631734942044","0.254177026598978","0.187821872842066","0.552906773404073","0.243113622876497","0.675784252016069","0.762560828835081","0.533346671858714","0.577457335085579","0.789596895015163"
"273","ES","Green plants fodder","G0000","0.239","1.03238223568724","1.05901970841969","1.01819559800577","0.772985523523869","0.934645733216496","0.365161779641409","0.425277902670707","2.40420656713009","0.386731052464717","0.153371274752963","0.147477890169374","0.202019578713142","0.244605545682236","0.866395990433814","0.0999153726084468","0.190578551582318","0.156589623700451"
"274","ES","Temporary grassland","G1000","0.239","0.99477086551071","0.993445224529035","1.00615880209772","0.582513113731513","1.38251992993696","0.951265376030302","0.919734762870797","4.14028785304118","0.339895810634139","0.91193577394487","0.847336552625981","0.701238979458785","0.0150916027922981","0.610450675410465","0.917870999065643","0.906142195560451","0.00793858651737022"
"275","ES","Leguminous plants green","G2000","0.239","1","1","1","1","1","1","1","1","NaN","1","1","1","1","1","1","1","1"
"276","ES","Green maize","G3000","0.934406560120857","0.977126049632289","1.01115591470135","0.950985583414375","0.703370042073416","1.61228469493256","0.695239200524641","8.13210468853245","2.21972572171975","0.283426951452702","0.534000765951603","0.779817633089737","0.0129944991484899","0.176955930233186","0.400751734655595","0.528192191042246","0.0178276606191577","0.210787916480063"
"277","SE","Wheat & spelt","C1100","0.0986064338913216","1.0004127231367","1.00999704604903","1.02092363128517","1.7895803036277e-05","0.956808219471961","0.765429506461584","0.313956035090073",NA,"0.185117280533159","0.991124857703572","0.522688015336215","0.184616296636967","0.288274538719136","0.946896971268109","0.530763607637536","0.0594845393637689","1"
"278","SE","Rye","C1200","0.214836161879896","2.47370828139024e+39","1.00379532134519","1.01816474918885","1.78052706230368",NA,"0.738291063979707","0.44418402235842",NA,"0.361414458257497","0.0116432494377691","0.630338627029595","0.00268079703069686","0.889037264918366","1",NA,"0.161684326917587","1"
"279","SE","Barley","C1300","0.463793535667362","17535213475540.7","0.996200214319406","1.01643461009234","1.16258468228058",NA,"0.988764808113836","0.470639807549115",NA,"0.223083482607142","0.0938758654624724","0.698043287027516","0.019556222032491","0.917836629565683","1",NA,"0.96597567190152","1"
"280","SE","Oats","C1400","0.217","57906.8771422253","1.00352612150193","1.01720719435967","1.24240522951784","0.738501275781086","0.799442388972724","0.622988217131751",NA,"0.382076140602679","0.1374129169506","0.622111546772725","0.00115056994329949","0.8198428205373","0.273484087391235","0.177852257991349","0.016090258360949","1"
"281","SE","Maize","C1500","0.217",NA,NA,NA,NA,NA,NA,NA,NA,"NaN","1","1","1","1","1","1","1","1"
"282","SE","Roots & tubers","R0000","0.087","1","1","1","1","1","1","1",NA,"NaN","1","1","1","1","1","1","1","1"
"283","SE","Potatoes","R1000","0.470463281726128","1.04554043547259","1.01112896918938","1.00196448134424","0.0672401098396395","0.435616397407457","0.709978441877116","0.594356302449873",NA,"0.186643333943963","0.207339542397643","0.455418342930944","0.879251583813723","0.282989734171385","0.221080803265841","0.409841693175723","0.322710250258708","1"
"284","SE","Sugar beet","R2000","0.478","1.01436289639871","0.999828541000017","0.998712758507619",NA,"0.753375029438359","0.961846737322311","1.12649146293966",NA,"0.319736038181847","0.0164371814800755","0.950339362671575","0.600834751428157","1",NA,"0.00805833130558411","0.593390768332779","1"
"285","SE","Green plants fodder","G0000","0.217","1.0255512265056","0.999502381974677","1.012071045867","1.02021792254461","0.658117525815252","0.798726084926019","0.500612445626968",NA,"0.243968253175305","0.313627017848863","0.962032242970689","0.190953249704879","0.976882416389935","0.367325581377147","0.438567719668604","0.0556947225137232","1"
"286","SE","Temporary grassland","G1000","0.239","1.03106309296435","1.01903135637151","1.008900743678","0.400459440834105","0.600721242615822","0.656932242228156","0.554344893358905",NA,"0.23498590154992","0.255644901495598","0.100025907204688","0.363491273280458","0.208023891831194","0.305811855650181","0.181174609971428","0.122587254349959","1"
"287","SE","Leguminous plants green","G2000","0.0532477419354839","1","1","1","1","1","1","1","1","NaN","1","1","1","1","1","1","1","1"
"288","SE","Green maize","G3000","0.217","1.03276730662679","0.993096356331583","1.00975876391049",NA,"0.509712300964401","1.1581107852317","0.570952031106912",NA,"0.206004134844842","0.148056437378848","0.435169865216208","0.249921362996973","1",NA,"0.122287770474955","0.575143098062472","1"
"289","UK","Wheat & spelt","C1100","0.335359534900358","0.988978456646838","0.951807182970642","0.991317366281063","0.985152972426365","0.974118309306896","3.07331575347888","1.68725590433686","0.666054410987144","0.234013834485322","0.855054326274106","0.0497323166114269","0.210707398313201","0.833281451399741","0.969054225124911","0.0244876247303046","0.267944957660647","0.479257176119733"
"290","UK","Rye","C1200","0.121325252525253",NA,NA,NA,NA,NA,NA,NA,NA,"NaN","1","1","1","1","1","1","1","1"
"291","UK","Barley","C1300","0.866285621453733","17.9673149671941","0.998121570278106","0.998214975526892","0.95338481100858",NA,"0.919132896885404","0.937232732594152","1.25531215558919","0.134991040009697","0.271921608320741","0.891408927797104","0.779616872584667","0.42197944517654","1",NA,"0.762693370353009","0.852382256853449"
"292","UK","Oats","C1400","0.119223313227352","0.246821796763824","0.999182756409632","0.99973429296957","1.0142511808392","1.09899323168807","0.941152855478315","0.945250065866181","0.808890068760119","0.0436255378328415","0.862588431733208","0.917029397887979","0.92465575400373","0.637801284064598","0.905333831820427","0.771635745374457","0.797655506778461","0.473901380632229"
"293","UK","Potatoes","R1000","0.557957350727546","0.974067669836739","0.98442517783868","0.992826588805415","1.21973472331082","1.38452900298627","1.78813576175652","1.72325118121489","0.62620127388255","0.126540876325387","0.685350109033323","0.462578901577762","0.593588184622603","0.282660202265104","0.686465663191638","0.229139849937416","0.362835604679955","0.450890284945186"
"294","UK","Sugar beet","R2000","0.355320460260272","1","1","1","1","1","1","1","1","NaN","1","1","1","1","1","1","1","1"
