;country;crop_name;crop_id;uncertainty_indicator;odds_ratio_days_heatwave;odds_ratio_days_coldwave;odds_ratio_days_drought;odds_ratio_days_flood;odds_ratio_exp_area_heatwaves;odds_ratio_exp_area_coldwaves;odds_ratio_exp_area_droughts;odds_ratio_exp_area_floods;max_likelihood_pseudo_R2;Wald_Test_p_val_days_heatwave;Wald_Test_p_val_days_coldwave;Wald_Test_p_val_days_drought;Wald_Test_p_val_days_flood;Wald_Test_p_val_exp_area_heatwaves;Wald_Test_p_val_exp_area_coldwaves;Wald_Test_p_val_exp_area_droughts;Wald_Test_p_val_exp_area_floods
51;HR;Sorghum;C1700;0.043;1;1;1;1;1;1;1;1;NaN;1;1;1;1;1;1;1;1
57;HR;Hemp;I2200;0.022;1;1;1;1;1;1;1;1;NaN;1;1;1;1;1;1;1;1
95;EE;Maize;C1500;0;1;1;1;NA;1;1;1;NA;NaN;1;1;1;1;1;1;1;1
103;FI;Sunflower seed;I1120;0.13;1;1;1;1;1;1;1;NA;NaN;1;1;1;1;1;1;1;1
123;FR;Aromatic & medicinal plants;I5000;0.022;1;1;1;1;1;1;1;1;NaN;1;1;1;1;1;1;1;1
163;IE;Tobacco;I3000;0;1;1;1;1;1;1;1;1;NaN;1;1;1;1;1;1;1;1
178;IT;Aromatic & medicinal plants;I5000;0.022;1;1;1;1;1;1;1;1;NaN;1;1;1;1;1;1;1;1
248;SK;Fibre flax;I2100;0.043;1;1;1;1;1;1;1;1;NaN;1;1;1;1;1;1;1;1
249;SK;Hemp;I2200;0.022;1;1;1;1;1;1;1;1;NaN;1;1;1;1;1;1;1;1
250;SK;Tobacco;I3000;0.283;1;1;1;1;1;1;1;1;NaN;1;1;1;1;1;1;1;1
275;ES;Leguminous plants green;G2000;0.239;1;1;1;1;1;1;1;1;NaN;1;1;1;1;1;1;1;1
287;SE;Leguminous plants green;G2000;0.0532477419354839;1;1;1;1;1;1;1;NA;NaN;1;1;1;1;1;1;1;1
294;UK;Sugar beet;R2000;0.355320460260272;1;1;1;1;1;1;1;1;NaN;1;1;1;1;1;1;1;1
169;IT;Maize;C1500;0.237800523207573;1.04085774702727;0.987549232466172;0.988003419158178;0.997708792006913;0.819688766243784;1.34413984908036;1.78872824126311;0.895105202920302;0.66929010098905;0.00348152307635367;0.661815553925997;0.220235454388039;0.918970603759061;0.556389099647168;0.630976370158085;0.249287110999774;0.547456833784685
56;HR;Soy beans;I1130;0.261;1.01980317474002;0.996837402095567;0.99290400936851;1.00019244258839;0.907602485358425;1.28008631791776;2.17255984732346;1.08720141901512;0.591212640945787;0.108540028565411;0.786270872112149;0.190190453331285;0.997374801569571;0.699891760685498;0.335207642458249;0.0147059500929047;0.690542732512926
50;HR;Maize;C1500;0.239;1.02305739413253;1.00102162763193;0.993915606806466;0.995889225229425;0.815084684759134;1.02373867239882;2.10871931951405;1.05268993283243;0.554666040053683;0.0753007578512521;0.933222081511364;0.279915636785447;0.946200086236288;0.437758997961888;0.929567716943699;0.0236236648413155;0.814625831124702
133;DE;Roots & tubers;R0000;0.109;1.0089637954166;1.02234170890541;0.998091910856381;1.44912207201315;1.98479932024405;0.574481334206565;1.42588565027384;0.292261582825556;0.550003034730325;0.904231840297062;0.170320787738665;0.698833686027976;0.0675689239465402;0.56785355142707;0.188628891819117;0.396778213457822;0.0222026778375635
63;HR;Green maize;G3000;0.239;1.01233127584997;1.00185952133866;1.00141324297618;1.07337566234985;0.917735215409415;0.941177733719574;1.59841494994431;0.940039657773451;0.544224216904909;0.37322451937213;0.889299418010744;0.817777037650549;0.293863280924171;0.765129987249593;0.834846671178508;0.181640521343595;0.796575576959719
183;LT;Wheat & spelt;C1100;0.217;1.05850551043357;0.981920992558206;0.992245252903085;0.812079833294941;0.75391098864399;1.59739979418298;1.50897345384322;1.78269198332672;0.542627917250751;0.0867349423333177;0.330808192399643;0.649007036160657;0.696444018160065;0.605843597344578;0.258555567993583;0.625898940635539;0.678118733632151
230;RO;Maize;C1500;0.457;0.996033501696876;0.992327308205898;1.00466024345096;1.00974004620123;1.40889268167305;1.46216481330502;1.414101609853;1.03579326151131;0.539716902958976;0.85384740294006;0.68562667336984;0.682453826045686;0.521066271834182;0.459085286098326;0.380715927751727;0.627169168527919;0.856841894164824
65;CZ;Rye;C1200;0.457;0.991920228832874;1.0007715078704;1.01584965847687;1.02240084228285;1.08512918869093;1.1403327797093;0.460693330735753;1.27599795920707;0.532406830701389;0.685162652959829;0.955269616426643;0.00177706319908761;0.0606377635226501;0.829731259796569;0.657866258716591;0.00329229672337687;0.196117139229312
52;HR;Roots & tubers;R0000;0.109;1.0473126574064;0.997362659825574;0.992362359218713;0.902113996523504;0.574734819781786;1.00280020239254;1.42550296853825;1.60321076929586;0.529206320619427;0.00211864776013808;0.845669646746554;0.223828187374685;0.136537404917892;0.0650000503140687;0.992447773502801;0.317373619048181;0.0599117261625341
151;HU;Soy beans;I1130;0.56289142053629;1.02272077244864;0.987722385641903;1.00845204602174;0.997083125596333;0.966057501569068;1.31166741438921;0.85966240669649;0.956909793184503;0.516609261200121;0.25518472192536;0.427757874353236;0.196587531922581;0.975082823273292;0.925676018821307;0.436414551685185;0.696803138334223;0.927714498115866
67;CZ;Oats;C1400;0.109;0.959131233297156;0.993890129308606;1.00464632991812;1.04303560608042;2.07534768398122;1.29725739068638;1.08909829931149;0.750580754502466;0.514289583327745;0.0473309903888235;0.662346689217729;0.330315263810412;0.000999921961342127;0.0665489309841926;0.391251214316318;0.733075615328855;0.137164095477267
94;EE;Oats;C1400;0;1.02388975406535;0.958407787712597;1.01468940368739;NA;1.08918307903465;2.83229840625355;0.533384495804672;NA;0.509642824236083;0.275195195141507;0.053086215434369;0.0212376015148909;1;NA;0.828959502036014;0.031666604324021;1
79;CZ;Temporary grassland;G1000;0.087;1.0484135867483;1.00885122396254;1.00127170529207;1.01316441219562;0.558380173801002;0.841070905456917;0.982272599865468;0.93320069133301;0.50510399353863;0.00215747533948879;0.371655858341872;0.700872054519831;0.116950822244675;0.0377748915869588;0.414631502488695;0.918531233386625;0.602782742617398
46;HR;Wheat & spelt;C1100;0;1.02698275122754;0.999298725329338;1.00165260686425;1.16797065972939;0.662443586936832;0.863153052872296;0.872670713036871;1.00117785737196;0.490168402078388;0.0635229347182943;0.958896281496459;0.791709412612557;0.0286225861323408;0.166299582454572;0.620324373830193;0.699912305679584;0.996158844441157
182;IT;Green maize;G3000;0.778377306030485;1.03890464027603;1.13415493721173;1.00096386159622;1.0270241021211;0.536425223413425;0.0979575857822658;0.976173825418092;1.03844422555882;0.489552951491191;0.0408397195964298;0.00324401038474773;0.947091297370728;0.349436348614962;0.188604292915573;0.00986022385745537;0.975072618965735;0.88185170090333
44;BG;Leguminous plants green;G2000;0.043;0.948694753601759;0.989296005164276;1.02136740742619;0.994336173012372;2.292601582261;1.23303222722363;0.488980601653724;0.96109375101843;0.488307879361364;0.00125795539909053;0.495523060145675;0.000664529568425694;0.567641870821662;0.00385619684615096;0.496555246339306;0.0169258545876587;0.773583006443092
48;HR;Barley;C1300;0.261;1.03438927658852;1.00106756859181;0.994045287289727;1.17969926976005;0.628250256729592;0.815043374086331;1.38683929927737;0.894207318486603;0.478164870439001;0.0265226912502315;0.940437793383489;0.365493525074535;0.0265495994252189;0.13737388967204;0.512308311141694;0.380104945101988;0.663400229411482
60;HR;Green plants fodder;G0000;0.239;0.970303072486175;0.9963528537416;1.01843210382521;1.01883687323563;1.86864850801688;1.12291762481565;0.53765659907769;1.48018372969031;0.477985499144635;0.0462123286332572;0.798182812392358;0.00854633711613729;0.794324718467534;0.0487980400801864;0.709704188145789;0.101204059087696;0.133490200704522
150;HU;Sunflower seed;I1120;0.565;1.02054324348322;1.00457963126199;1.01695163807811;1.0326634517153;0.959962860208145;0.864024387046622;0.445694881801349;1.78945944482277;0.46802586004825;0.279976610362656;0.781095725440573;0.0675780935311965;0.627281486297985;0.905834521855348;0.685761347648404;0.139591842490232;0.0818895929432148
261;ES;Maize;C1500;0.239;1.04664837506613;0.99355731289245;1.00914788982353;0.585410825942952;0.412152959610041;1.608283238992;0.642880942843875;8.26032931014233;0.46572399945015;0.0392321955816644;0.902788794689728;0.380905773488572;0.0185503948158159;0.0883821444633835;0.630001501360312;0.473083360657285;0.00111375747202828
204;PL;Oats;C1400;0.152;1.03633637610987;0.983397984078985;1.00761167602235;0.932410413286987;0.596813548551179;1.4422299491841;1.20884081662199;0.941525966147766;0.461562935165118;0.34045081067469;0.37996276749492;0.481342278067542;0.763015182910071;0.413490810546274;0.425248853532269;0.764815495036176;0.911813707749619
158;HU;Green maize;G3000;0.522;0.970277965879145;1.00525953787973;1.01335537743411;0.985483675676418;2.03609173490334;0.955031871366176;0.752719257126466;1.02015290201883;0.458525337159526;0.138453305539367;0.753651988785145;0.106334324126844;0.85636913270172;0.0673823691205236;0.902230727024895;0.559265195023773;0.96164756406988
233;RO;Sunflower seed;I1120;0.565;0.989521332328028;1.01358034798551;1.01482215302042;1.00386986692682;1.5933652500188;1.03666005578757;0.671343181711322;1.16570976912759;0.458101254905119;0.654089875481533;0.527269846684912;0.186054712223848;0.814610667854686;0.334787150614933;0.940579393718043;0.54280506736271;0.470929436551149
130;DE;Barley;C1300;0.891578895449912;0.90794124153921;0.974626758560255;1.01064212649115;1.65645928765188;3.91435049516431;2.99255394321588;0.92321540700459;0.417348202336616;0.453993290297709;0.230990652959875;0.155698349303612;0.0623101439043411;0.019547637412234;0.298202697515229;0.0227062187239513;0.867432963931134;0.125815106611248
53;HR;Potatoes;R1000;0.261;1.002656896152;0.99729696272732;1.0051173157206;1.02169157988859;1.06036657481479;1.11158522737796;1.01229991510197;1.55398600760842;0.451740818929097;0.859609997523846;0.853325658534705;0.449615372956536;0.769918790160444;0.852391817942112;0.740243166765867;0.974302935101937;0.101040571399391
132;DE;Maize;C1500;0.23843826637292;1.12694237398316;1.01644099517358;0.998242689237732;1.30073171891451;0.292757403447103;0.665239409839146;0.971554710020913;0.602404610990053;0.449007497989651;0.0616367797924569;0.331798551637133;0.736887878071493;0.102468692745555;0.217669516845595;0.363750594059688;0.944188210743634;0.256143135592391
160;IE;Barley;C1300;0.783;1.07888962457622;0.980662493176109;0.975801102220348;1.12232743493906;0.444541707118549;2.15016349110512;2.49599369816126;0.727295127430468;0.437132323697202;0.0170873517834387;0.191153701802309;0.0154087904148075;0.0155824963441496;0.106993439235966;0.0643501927073997;0.0639557721840023;0.32859189060982
136;DE;Sunflower seed;I1120;0.522366919847795;0.895143238076343;1.01176593344306;1.00992155089789;0.731755833420987;9.6578551023738;0.828924878760029;0.55283513136582;2.35752959894379;0.42754593831021;0.151885339736008;0.542148527749678;0.042014540982135;0.148140832683324;0.0895793659186709;0.687112848636785;0.14037282820089;0.113642989676711
3;AT;Barley;C1300;1;0.963354892208153;0.989269666992047;0.995804208517367;0.883086280097561;1.56199083704411;2.21126848185999;2.64157355231348;1.12443526517462;0.42750314451351;0.203380059069856;0.605535385127475;0.784392289765531;0.576793667276067;0.394971471083071;0.0829880206065639;0.226699629785108;0.770582052469395
255;SK;Leguminous plants green;G2000;0.239;1.03483086071242;0.995910767481088;0.98809543983667;0.991937141512513;0.630949507282532;1.19492234577073;2.88898797816633;1.01456960984468;0.42611315815799;0.0657158636085091;0.807183771010501;0.185660699700851;0.829700628330263;0.16177163896863;0.598494134255231;0.0246798329801892;0.949180846254013
27;BE;Fibre flax;I2100;0.21755437274217;0.591506290630855;0.992902437438445;1.01507845084728;0.876865113207991;985.338226694407;0.924255536067187;0.471570612937515;1.71291579230031;0.424232059738553;0.00401880041395042;0.794371118492085;0.00432254085043758;0.288589297694932;0.00448444384639124;0.890107433230557;0.0167257521554259;0.176905661513185
47;HR;Rye;C1200;0.239;1.01776874009404;0.992940340333322;0.998259127715467;1.14505752288869;0.790970392266334;1.21941020747363;1.31759065463726;1.10442104411736;0.419703900791084;0.258651679477002;0.63860832562162;0.801112586828564;0.0799576119123598;0.47110671590511;0.546498577399138;0.481719967738857;0.7137985789167
266;ES;Sunflower seed;I1120;0.934972777345745;0.9972127066067;0.893405654834226;1.01909206577875;1.1463777076722;0.685739855076066;7.49384796481889;0.524589070361596;0.586461036194666;0.416125788896422;0.864573256253354;0.123082531399549;0.0375724708221468;0.365841308087072;0.34174781446274;0.123710365273307;0.262682602499858;0.209536914476549
78;CZ;Green plants fodder;G0000;0.109;0.967484638806445;0.991895120567341;1.00772386783114;0.988770198942302;2.5020441110547;1.10215963519437;0.855874049828163;1.04993510810394;0.412406296858436;0.146961944084492;0.5983283405299;0.145679423974026;0.382746882141573;0.0376502832371252;0.769603676553333;0.572445790919974;0.815271296617555
2;AT;Rye;C1200;0.239;0.985690405923631;0.958786888545842;1.01107007724978;1.01556314097108;1.47387848396647;4.06406374321906;0.573545783518486;0.84785663304491;0.411355667468396;0.609823282592428;0.0349918234169855;0.415777546799395;0.945129628257138;0.459128584190267;0.00193245822772741;0.427252595978899;0.68099346350891
5;AT;Maize;C1500;0.239;1.0253954863237;0.987840218773915;0.97813636871396;1.13627448302426;0.914698811687374;1.14306288882151;4.903379029097;0.813302532317069;0.410258220953966;0.350306096526541;0.601536871684409;0.264025613729485;0.618511797203554;0.857776259410593;0.792641563450887;0.122389761032095;0.640809332322081
35;BG;Maize;C1500;0.239;0.961586552636549;1.01074577521841;1.00882271264511;0.987538233239892;3.31403843417884;0.944959757932957;0.875702399658745;1.23850189194611;0.407903296882945;0.220752746839711;0.707799409385238;0.423704350940354;0.504303474758931;0.0488458069058312;0.918681561614571;0.799662517852613;0.458644234417969
114;FR;Roots & tubers;R0000;0.152;0.868036612732467;0.988714588376734;1.0008941660046;1.40946827451121;15.0611952077768;1.28465647520763;1.02049091478724;0.754476560689773;0.40061920728211;0.115348673965391;0.692440012109083;0.855566097039521;0.110269640728902;0.0498721934971993;0.689996553265792;0.959668010974928;0.611066843252614
228;RO;Rye;C1200;0.457;0.930918896067836;1.00095661056155;1.02109028618798;0.999518481517476;4.3415438014963;1.37834036925347;0.428533782732579;1.00853071403474;0.39930148261126;0.00313114036726724;0.962423737225998;0.0676283695454167;0.976084170535364;0.00794876856645909;0.483100621102252;0.264093411592827;0.967469525363798
206;PL;Potatoes;R1000;0.433252065690946;1.08664222981708;0.981301497715791;0.993019113421726;1.8610554719154;0.360508240656826;1.34934068745981;1.47908717349943;0.451690587141908;0.399215043845817;0.0395041141551888;0.357806507463669;0.534117912716681;0.0193766934887047;0.134299831138394;0.546367149733832;0.552365921267935;0.177843379175093
251;SK;Hops;I4000;0.109;0.978654207194364;1.008451778027;1.0070177830863;0.952994553267179;2.33542144827099;0.922034453222624;0.758461216059089;1.07383833494104;0.398405677484183;0.249218583356639;0.624920750270335;0.44596588206387;0.217089850544431;0.0148996137749716;0.814322832559143;0.552220660396222;0.759325675083628
209;PL;Soy beans;I1130;0.196385581577039;1.04158741550843;1.01262545791111;1.01260151988317;0.967313296223558;0.753984121599749;0.792694706328466;0.663307460194536;1.33733106213638;0.398357001209276;0.313449954841077;0.543399440284315;0.230884892032775;0.872508240041178;0.666926368830527;0.62692691445355;0.509119196670686;0.577679561477206
127;FR;Green maize;G3000;0.977996232896745;1.03540259267856;0.885780113812561;1.02336594116075;1.12410444395614;0.690510489105099;23.4152390258633;0.291444043649327;0.54440011257687;0.390908306056518;0.571844947443638;0.0154238813039079;0.0224249030680629;0.544349126299567;0.718395776790961;0.00596502869149134;0.0735604608286234;0.293174435768069
173;IT;Sunflower seed;I1120;0.886898856114578;1.02990938419458;1.06247442096128;0.996585862007228;1.01732048845319;0.809107050101481;0.324685189146194;1.40649536071857;0.763994671598584;0.387812001520704;0.113003758904252;0.114842311625601;0.815292655542843;0.743125352966976;0.598544189840214;0.131765638793219;0.663470065905379;0.426868024416149
59;HR;Aromatic & medicinal plants;I5000;0.239;1.0393804656961;0.986915390890688;0.988237968038339;1.19460842926323;0.555726826587864;1.17488603390365;1.50799888495023;0.77937724810946;0.387124901604578;0.0198753449562591;0.397474352582286;0.103236034084587;0.027563075807587;0.0851083990564738;0.633167438181101;0.310035330370451;0.373030827590802
15;AT;Green plants fodder;G0000;0.239;1.03449471711486;0.98902134535749;0.967250932138167;1.12124635306219;0.826503076525669;1.28332623409187;4.58010045346606;0.798899995132529;0.38581247461743;0.10691341201784;0.505601645200563;0.0182704714464408;0.471317749449586;0.602577494878212;0.480459148341107;0.0329783570325269;0.436514902683719
75;CZ;Hemp;I2200;0.087;1.01337679915437;1.00285054872966;1.00311338461129;1.00884528276335;0.651424323234265;0.810798824875453;1.29522657493996;0.920880549322617;0.380891854398508;0.451363593502911;0.813844491826811;0.447634219448391;0.385263585652544;0.205035156583215;0.422621420087542;0.235586973360957;0.614776299222733
258;ES;Rye;C1200;0.239;1.03981966387692;0.956025430678784;1.01570956301958;1.12390516003846;0.352427688986611;1.94737917990472;0.675310555270546;0.70986970792686;0.380270512225147;0.0600018027157592;0.468558781197338;0.0900786464138114;0.679990419530687;0.0289393051446943;0.551794711511666;0.480618350468323;0.589182279316609
76;CZ;Hops;I4000;0.109;0.993137410662704;1.00467971010915;1.00924771481118;0.999163984227565;1.41186577136134;0.885275447873395;0.871203952644149;1.1814936016648;0.379237332760611;0.765043082360035;0.768370006929056;0.0922741939920928;0.949541605027845;0.432875170174308;0.721195142190989;0.626366118339626;0.438627932261967
14;AT;Hops;I4000;0.109;1.03181777074476;0.979531652938662;0.946514969291652;1.41894393224224;0.812582588818981;1.40775781020723;13.2867035822138;0.736072484528345;0.378241796294006;0.263515506995179;0.417792127411319;0.0428068377350647;0.0680041470063498;0.663642163973286;0.518271312116112;0.034472505111519;0.392996257712214
7;AT;Roots & tubers;R0000;0.109;1.0612366661963;0.999808298087465;1.02417552146557;1.08584234873829;0.311920045254451;0.917570054627578;0.485856035747648;0.862628195536344;0.376685218511216;0.0444063457574204;0.991792668167905;0.0665896110236089;0.708917039350399;0.0348956838897063;0.831298770215567;0.273152752805223;0.708949294649543
129;DE;Rye;C1200;0.239;0.89112383315065;0.978465615706871;1.01028372557132;0.628609014518477;4.97949287416766;1.80878038801562;0.860115355386229;3.52869615261927;0.376185187195161;0.255107830751276;0.278156018728681;0.0745268629197596;0.151595140628202;0.353524147107249;0.227977152105964;0.751958399515423;0.106429200451563
176;IT;Hemp;I2200;0.00641666666666667;1.02843592164781;0.974055917866678;1.00578990872545;0.984549052539982;0.700917088244303;1.37710769856563;0.821389139233491;1.27521163635937;0.375779525156171;0.0569910953474172;0.468646998595142;0.642660243679491;0.697590797384254;0.316059660421419;0.669311600635255;0.733746435223501;0.304719090242983
205;PL;Maize;C1500;0.231080652718076;1.0506951263459;1.00078005897273;1.01770234991913;1.10286965415689;0.513808938711243;0.969612494028249;0.501826827812807;1.09851713629592;0.37132787731007;0.162783653277037;0.969621643657005;0.0978399705868845;0.639508739004337;0.290457628992367;0.950514668245086;0.282840875256813;0.868594841522254
49;HR;Oats;C1400;0.239;1.00438756930398;0.997334093406043;0.997901828171977;1.15874553635552;1.05896501444998;1.06341356063222;1.4201847856183;0.95515497488475;0.369168941470577;0.777941019080584;0.860083474791648;0.762697453179897;0.0592398682024293;0.860435913556501;0.852141060269185;0.374651565545109;0.866073379369221
229;RO;Barley;C1300;0.565;0.984160989893715;1.00006186236502;1.02189451109187;1.00675728152445;1.76922202399239;1.3673997965678;0.4013577248409;0.958569196004603;0.369066916846591;0.525655997830041;0.997856610498399;0.0937027938738206;0.72153558316982;0.26531045541215;0.547602388204861;0.238181963444916;0.854827128110384
99;FI;Oats;C1400;0.239;0.977787293753101;1.01596336371008;1.03595381186237;0.587846032401469;2.14112827261429;0.819054741509976;0.211625464220372;NA;0.368988691455626;0.25958665079261;0.13176880522496;0.0226828134915482;0.222450170896458;0.0464033129216547;0.456859358500744;0.0228803123156603;1
260;ES;Oats;C1400;0.239;1.00039552469508;0.990203603933972;0.996605209325544;1.28254051698805;0.865551869486837;1.13573661905418;2.44316716649153;0.330312820175373;0.368774834102397;0.984505097586396;0.888889290278514;0.759824515910245;0.236371016342764;0.776093602027585;0.922955398773863;0.201443762665458;0.0747382079453136
36;BG;Sorghum;C1700;0.022;1.04701641160179;0.992405703352469;0.995604760189505;1.00668958818778;0.842261235304453;1.06618587735838;1.10203010406494;0.880107256252886;0.36847024262025;0.110158130187667;0.816920207070982;0.686107881722913;0.764575163578649;0.735165652107912;0.920301315790287;0.87271859645282;0.653201488680159
148;HU;Potatoes;R1000;0.522;0.98498601382265;1.00044381749343;1.01285946004919;0.875170173377418;1.93143534944181;1.07036648305534;0.526933676896644;2.81073343607978;0.36779243325499;0.460594665992532;0.980925037510681;0.182983682489999;0.0847461229012005;0.0829506612614431;0.868449831891641;0.270728354367674;0.0098334645679784
140;DE;Green maize;G3000;0.901440116180202;1.10747281953052;1.01044901922554;1.00095251297977;1.39824616290016;0.391550143072819;0.88572858496084;0.817229276055695;0.42842593550114;0.367276186313052;0.218391052577844;0.583923884822774;0.875734052753773;0.108025806165913;0.477352646516165;0.804510133716909;0.693171643356377;0.12922232525384
1;AT;Wheat & spelt;C1100;0.543;0.967484497281059;0.986090624452615;0.998777003946655;1.48132163938138;1.47126503442858;2.13688333911433;2.03426336834788;0.502837123823792;0.364980041103914;0.271123894476694;0.487420018634518;0.930567326465415;0.0955567303959824;0.480655826416024;0.0870589700645331;0.331022858100395;0.104362983839441
61;HR;Temporary grassland;G1000;0.239;1.00103808382711;1.00369101131529;1.01328846871803;1.06724684202711;0.937467153336798;0.774202289936064;0.7689105613596;0.884324108557134;0.361264200733808;0.947012763184232;0.809005716052981;0.0664154332798116;0.396568055955106;0.843888302190603;0.442775939146011;0.507441254469738;0.65384724743692
141;HU;Wheat & spelt;C1100;0.109;1.00012376403478;0.985571708590216;1.01346346131619;1.05056370674306;0.832889088752239;2.02425879442774;0.589893473309009;0.89240239601987;0.360232103040991;0.995386946006463;0.424206448075881;0.147277705929784;0.552366295257166;0.651168862371851;0.0879510318943637;0.337412060616921;0.787001169393794
145;HU;Maize;C1500;0.239;1.01835235212981;0.996475214797489;1.00855406237335;0.9636818873301;1.10185961460039;1.01329225938391;0.74078675515213;1.21959447867123;0.355943204523131;0.408155851044032;0.845962055067485;0.332036397074135;0.677147809275736;0.814930842372368;0.974141966862173;0.568932019925504;0.663760898574504
115;FR;Potatoes;R1000;0.977995928853582;1.19039758639426;0.97925466967414;1.00823685840769;0.993241637677235;0.0849429671287459;1.86097046026398;0.502533025127968;2.40564104322274;0.350249223908941;0.0956279716502992;0.50366202671855;0.138588706263495;0.970257897511041;0.113842585061545;0.356003487755095;0.10058753832131;0.111162163605952
161;IE;Oats;C1400;0.239;1.05678242248872;0.976270942968589;0.974589532135975;0.989960173307252;0.647400274714586;2.72939220315128;2.8169459409559;0.866606338139132;0.349668124178566;0.0981201594378289;0.136398931256789;0.0176488271875962;0.836436847960832;0.41385771721221;0.0258705134850176;0.0517029540062111;0.680855354630774
225;PT;Hops;I4000;0.348;1.00268662640836;1.06585694118278;0.999400049069359;1.06346708506361;0.700341893829448;NA;0.796877895753978;0.839047105252685;0.349328623397087;0.944633547575374;0.0370546726922744;0.928622599119798;0.395305999287063;0.528273068039427;1;NA;0.567385128619631
293;UK;Potatoes;R1000;0.557957350727546;0.938136238536213;0.994508815086099;0.977760656538473;1.05169222307194;2.21920795078059;1.04123576556409;6.08343430483201;1.59118200049987;0.34929483958203;0.3805806535135;0.812225377422827;0.0936957405393814;0.713159058269775;0.459486901624848;0.949118801538214;0.0336070310923541;0.318468070518854
135;DE;Sugar beet;R2000;0.921709839883662;0.957656368994372;0.980009786923443;1.01233506690814;1.30946420511362;1.57961589809178;1.821420557968;0.695637220734043;0.831410161426244;0.348982477428554;0.599309574353985;0.2599211395489;0.0332140204425752;0.22902213648127;0.730785330350423;0.203615646777249;0.445415479582087;0.747728456721684
254;SK;Temporary grassland;G1000;0.239;0.961341868718885;0.998037179013096;1.01070076263375;1.01745206153747;2.67303412606013;0.842288716880628;0.514129572349645;0.88248309609729;0.348974182024004;0.0329188252198088;0.905287763599418;0.230651244033005;0.64082386038292;0.00399144689792661;0.605954158064925;0.142458729134397;0.57652024505391
180;IT;Temporary grassland;G1000;0.109;0.978912046051427;1.15260543522828;1.04850240086201;0.948359897322085;1.52230754655235;0.0588239349669046;0.0742280350272861;1.12941097594893;0.346341879890348;0.351678666827558;0.00578271465321343;0.0425751564637612;0.259688270724939;0.420620776726918;0.00645190131470963;0.0280800731276309;0.723850810424572
68;CZ;Maize;C1500;0.457;0.975944050218992;1.00012084422082;1.00745305677594;0.997472388130768;2.34361504746418;0.823587351222147;0.670789681186918;0.988306812124563;0.345167687619779;0.307286926503813;0.99407438990598;0.182264664406335;0.85213458174412;0.0653644323076755;0.58053780278798;0.175471119573323;0.957378953523005
138;DE;Temporary grassland;G1000;0.195876215684792;0.806726844352459;1.00913147983252;1.01363251245867;1.78606037946278;33.860492794308;1.02644766287808;0.574371893460867;0.300110223677866;0.342268352785703;0.0528799379966732;0.647754759596074;0.0460446842478234;0.0818835636088556;0.0501450293940955;0.958739074794415;0.335608404807577;0.124229194209263
121;FR;Tobacco;I3000;0.954096729049405;0.999666430253622;1.01044996548442;0.985496966156574;1.0747959592115;0.824723160286574;0.569436710394298;1.9121406583388;1.87048691367225;0.341433462943976;0.992686316517822;0.787742203849884;0.201720397098096;0.672410384584266;0.781765008971078;0.510451497449749;0.372718747079276;0.160229898988283
124;FR;Green plants fodder;G0000;0.283;1.05377304897651;0.895314609172657;1.02158176905362;1.14389375329397;0.314065767464834;13.585756677812;0.393079225761186;0.538799492309692;0.340972862998866;0.287508389268357;0.0365878753125569;0.0812287359419992;0.532220083707459;0.189409966336792;0.0269198704938213;0.237550440663697;0.27807465881075
146;HU;Sorghum;C1700;0.196;1.01953788949075;0.998320044304018;1.0150607715917;0.956476492640206;1.2198169226581;0.9942152764327;0.36024914479965;1.03256865746335;0.338423305284137;0.35047351687923;0.926575116676181;0.146841143581334;0.535486806219652;0.601981414363536;0.988392573897456;0.10004329372762;0.927132604461418
152;HU;Hemp;I2200;0.043;1.00179459892686;0.986656729173245;1.02495928511773;1.0058530087583;1.4812392339837;1.43495719597295;0.200475250180942;0.935309512868585;0.336878297112881;0.921597153124625;0.442464668280472;0.0314191173678724;0.915084384079412;0.225667908732377;0.325947061249167;0.018517631399405;0.783168161277993
166;IT;Rye;C1200;0.205126883168925;0.996239511942473;1.12393970464382;0.963686556039037;1.01884868931312;0.805923684372249;0.123431647229921;7.4569145204797;0.792739702003139;0.334800554292155;0.864810606648875;0.0169859098089809;0.133220754445204;0.752532599387407;0.691767869759382;0.0322955739083719;0.0924244431312542;0.547080343534428
257;ES;Wheat & spelt;C1100;0.543;1.03299335537268;0.911732220443116;1.01573063275131;1.24070453092052;0.353457879083982;6.12818044220992;0.672910765292049;0.500283139658441;0.332905677812841;0.137986867774693;0.164858525226351;0.157433806813714;0.408479916069283;0.050626331339622;0.13906551687758;0.559978951521319;0.314047116075085
272;ES;Aromatic & medicinal plants;I5000;0.238750793696091;1.0091251849856;0.906815257671805;0.989401872867612;1.40519536443878;1.01767464640473;7.35270094453064;1.77956395578509;0.450113116757186;0.326806278289784;0.538530134288213;0.154192872020019;0.214806151588947;0.00938570886095015;0.961852212405909;0.109803802463521;0.296123829477224;0.0380849250880793
252;SK;Aromatic & medicinal plants;I5000;0.239;0.966636036019559;0.992572929861971;1.0025579921475;0.970923961672851;2.56695987055187;0.942194137992269;0.82805753508561;0.905585735053569;0.323943917067097;0.0914051144422793;0.682734082142708;0.791974951581467;0.471825424543042;0.0110415468136735;0.87087297932277;0.701476878304278;0.687609800453432
171;IT;Potatoes;R1000;0.894081718191992;0.968487501354102;1.0642205653301;1.06009556396369;1.09671182758802;1.3347311208159;0.317450075498038;0.0973479458022136;0.766087636059322;0.322304340796248;0.16028763089688;0.200022556623649;0.0362817291602437;0.230387056537757;0.57000185518934;0.215973370386342;0.0647575065608689;0.473404630410271
43;BG;Green plants fodder;G0000;0.087;0.994478502449067;1.0130297932003;1.02625405949928;1.02516446099982;1.17277207669819;0.660983158048699;0.373012389766969;0.747255119290776;0.321179510004479;0.871059279263397;0.721221209795493;0.0513304999731167;0.281290724668218;0.793882898657371;0.559289263396649;0.140836789575676;0.359343323775828
10;AT;Sunflower seed;I1120;0.948835839410868;1.05147537400002;0.999664374554634;1.00558316656739;0.897929947355078;0.416108140280324;0.899292153543753;1.14658895192234;1.40941069637122;0.319639055622682;0.0866776958625503;0.985427335140303;0.650570691393594;0.625521065269645;0.114600868383211;0.79137857540906;0.828696144187395;0.387288301192264
279;SE;Barley;C1300;0.463793535667362;0.951297358520616;1.02275494028222;1.02174376753541;0.145528708991249;2.35526542427355;0.55416220816548;0.68826171650702;NA;0.318268906227386;0.067805499046018;0.0608062275515121;0.206593005149927;0.293780935206158;0.0799932298756785;0.0603540177077762;0.659694688187153;1
119;FR;Fibre flax;I2100;0.28259831642401;0.822296526942016;0.998910632733578;1.00010937001926;1.45113144923599;21.0926543082016;1.03040330099436;1.17929887333868;0.405951396082184;0.3154687676355;0.0590893992248516;0.975538138443838;0.986486240245037;0.0179632401604301;0.0438118299061346;0.969987897676266;0.736746832105267;0.074398690187992
83;DK;Rye;C1200;0.239;0.993988331378095;1.00802849426533;1.0382014097405;NA;0.904743835933593;0.950675489601568;0.337735091295639;NA;0.315161566010513;0.78173931248214;0.393265536822906;0.0309165347213937;1;NA;0.798004201417597;0.859214741483831;1
71;CZ;Sugar beet;R2000;0.565;0.98507185211533;0.994975711837756;0.997900455396055;0.967579632173771;2.01831629620726;1.03035675276087;1.13849992933912;1.36723748198714;0.312887632608283;0.503056005282851;0.743764632120116;0.685986227645002;0.0146076543660605;0.106045046831098;0.928127718206134;0.637412358380293;0.140120628174986
241;SK;Maize;C1500;0.239;0.985243596940404;1.00190700957517;1.01083206627799;1.08285159278568;1.5819723012801;0.816652086384742;0.650631851476836;0.787118381904084;0.310929217593132;0.455364746110221;0.91748667748733;0.27499554322141;0.0607287026511881;0.202242024479941;0.584751432527177;0.389367025432888;0.339351089102832
54;HR;Sugar beet;R2000;0.261;0.988568427082424;1.00299041947131;0.999499561948274;1.00145811836411;1.0611368039859;0.889457736501243;1.3991778530579;1.10576967409117;0.30947960768541;0.181105339808337;0.718262937328241;0.895096049082485;0.971935352898028;0.738925642168595;0.516802067289426;0.124365338099062;0.500038496861853
62;HR;Leguminous plants green;G2000;0.239;0.988568427082424;1.00299041947131;0.999499561948274;1.00145811836411;1.0611368039859;0.889457736501243;1.3991778530579;1.10576967409117;0.30947960768541;0.181105339808337;0.718262937328241;0.895096049082485;0.971935352898028;0.738925642168595;0.516802067289426;0.124365338099062;0.500038496861853
274;ES;Temporary grassland;G1000;0.239;1.24815882527569;1.11001314638348;0.986438806914304;1.57175901515749;0.0374627087848387;0.0902306306667899;2.35653278882714;0.649046456492832;0.309311769935889;0.0152852896849532;0.462904410361452;0.597444657747324;0.0603158764486808;0.0216883651151233;0.413729183725648;0.490597044343425;0.403560288262448
238;SK;Rye;C1200;0.239;0.996280812108168;0.995525547405343;1.00258386392322;1.01166731480409;1.35704364979843;1.16273426947618;1.16997534858382;1.30766479615997;0.308624410786657;0.851196684862117;0.807731677752283;0.792208945717411;0.778933948679896;0.393286131932928;0.684336186953171;0.752373110285714;0.286016525345848
125;FR;Temporary grassland;G1000;0.283;0.999378449834659;0.893812192652828;1.02885902684035;1.11114759747784;1.09141981319883;16.2400007289179;0.233241773987018;0.573487221946982;0.308253528098227;0.988537121321796;0.0422560421664487;0.04860533709665;0.603985971653467;0.912696525257898;0.0215364268941343;0.096817411636044;0.296289041791846
245;SK;Sugar beet;R2000;0.565;1.03356135609657;1.00252245791315;0.989305341283791;0.995406069682041;0.613222596632817;1.04038579527744;2.54376390574244;0.927751720916205;0.308038282633081;0.123603936654662;0.897223820758258;0.303757184298539;0.91613605049841;0.199906285556606;0.919581963991277;0.0835281864051575;0.776279828311794
8;AT;Potatoes;R1000;1;1.00366079152341;0.964092229365663;1.00265753690388;0.924540932907521;1.34286567198979;2.74368647300007;0.96454840782249;1.07875576186781;0.302409437404228;0.902269325956749;0.0703957216666015;0.843064432671225;0.738860259643367;0.599176838672121;0.0239982105133633;0.958419883797592;0.856684145272521
128;DE;Wheat & spelt;C1100;0.420043490003572;0.865951479424511;0.987499996351206;1.01172665277186;1.73051589619823;8.58781637148711;1.40333329024181;0.790356598121728;0.285988814401641;0.300200057388979;0.158247773348376;0.540716331258151;0.0751925208240474;0.0529174405239397;0.197489281551954;0.520631142598201;0.676954095744193;0.0910398019540656
34;BG;Oats;C1400;0.109;0.938368993332112;0.937619597806751;1.03902184682113;0.965378154077674;2.1920275185998;4.33481131309626;0.204489952939239;1.40890611638576;0.298278250303104;0.0780635478310381;0.0731586932680335;0.00555956649099021;0.119612420110986;0.222734358176449;0.038218145247145;0.0177930194135781;0.287186163260836
210;PL;Fibre flax;I2100;0.0302137096774194;1.04229418681421;0.992436677447674;0.970532392796014;1.00698439406707;0.612083108524135;1.23978994076457;5.41617980935935;0.81797106491535;0.297356731268269;0.262399366295591;0.712594772398758;0.00956936087967698;0.990320649669164;0.408506837322712;0.670614034049237;0.00291337409938806;0.809300028625696
222;PT;Sugar beet;R2000;0.326;1.07502251739401;0.968010451112193;1.0014910325601;1.16676756076508;0.413959780708299;NA;0.644499337747846;0.489861350816697;0.296040307489562;0.0961165960432988;0.321176117477622;0.83993395857249;0.0585165100255078;0.161199192319233;1;NA;0.317402341632089
259;ES;Barley;C1300;0.935;1.02365939934841;0.928242493095076;1.01179300363843;0.987657680786122;0.449899491920552;4.35276042282925;0.901055482358985;0.876699746589108;0.295656679751066;0.306775198739549;0.214214499512033;0.275948670292547;0.959302934349058;0.138693182082855;0.184111762592954;0.869547100751461;0.837499754065647
81;CZ;Green maize;G3000;0.37;0.991887299261507;0.997655063778175;1.01108673780528;0.98830189131738;1.42500909079105;1.10925232533619;0.679515721237117;1.13289647168266;0.2953682926928;0.740064951586597;0.889389741533918;0.0598921559605039;0.40597946082468;0.449545568713941;0.775557049044449;0.205432025792109;0.585594352163209
278;SE;Rye;C1200;0.214836161879896;0.955000115696505;1.02614116418506;1.03763065339072;0.000184294187630099;2.46581103614131;0.566579449679936;0.215290221534686;NA;0.293328971008051;0.0719544318373665;0.0314068131361885;0.0307084344269441;0.18362008774857;0.0518201807765972;0.0653603907284643;0.0673695758603725;1
208;PL;Sunflower seed;I1120;0.357083794850626;0.977238700577966;1.00340359143904;1.00835307119639;1.3418019681832;2.66574407764318;1.05905827749422;0.57894233634252;0.679738144425868;0.293301384584692;0.572333723318067;0.879889451435558;0.47374539955355;0.251504297474947;0.166245441924652;0.91555631232105;0.45325314460297;0.528133028048627
240;SK;Oats;C1400;0.239;0.955754628149786;1.00437168527363;0.999233534170323;0.956286360110114;2.58365322930795;0.992635383631522;1.39124613539959;1.22532393256397;0.292700820992763;0.0302149278197341;0.814951231667034;0.938280266530941;0.289011813727659;0.0122267627155755;0.984256654193585;0.512869094880897;0.422365255433127
6;AT;Sorghum;C1700;0.239;0.965813952015347;0.9908855801187;0.975542498525564;1.02750296036063;2.75172694670491;1.10944262620912;3.83795877713496;0.860578120941272;0.291729517389755;0.13073036572073;0.637467454026842;0.11014355359131;0.91395217463627;0.029059949408795;0.810035642569405;0.100553132266571;0.720595022739431
17;AT;Leguminous plants green;G2000;0.239;1.00073243601085;1.003585367553;1.00784575208194;0.616583114447775;1.15106359360036;0.841877951665109;0.568112635726067;2.72821964416456;0.290860419854078;0.973700296285502;0.832236138629601;0.549252369649675;0.00834984850660019;0.72398105133159;0.634885858151176;0.403071640507285;0.00286533717108058
239;SK;Barley;C1300;0.565;0.997903138901555;1.00242780259862;0.999848473152645;1.03161184377083;1.36407003098188;1.1451358449877;1.32855355120832;1.03813206248787;0.28833316055202;0.917025959827616;0.896770726814052;0.987827273247913;0.4596071221944;0.392205619962755;0.718632612506686;0.574260975785309;0.882298002616854
168;IT;Oats;C1400;0.239;1.02141807213626;1.0791681627274;1.01961079790704;0.993891559418387;0.463885035597262;0.173330792415208;0.582378860380894;0.764304564162692;0.286174513138255;0.306170980091057;0.0981641430968594;0.231026286234726;0.846339999670559;0.158926807860839;0.076923190324748;0.525878378093735;0.353456162408357
134;DE;Potatoes;R1000;0.947243414505346;0.842241406133997;0.995102443490906;1.00626062624176;1.14966632747895;21.5491355093741;0.89122921080073;0.743476464871461;0.477167557245362;0.285489747077123;0.0623252667822641;0.800545037954129;0.301308155609327;0.535333137755514;0.0385785084949184;0.820610701970944;0.536680172251217;0.233359359473265
85;DK;Oats;C1400;0.109;1.03412486350066;1.0078797471131;1.02162703380469;NA;0.602810484151941;0.72703636757688;0.511104042983857;NA;0.283777433294984;0.138039517961995;0.412359243250236;0.217127622394364;1;NA;0.210984539288931;0.278584787075284;1
203;PL;Barley;C1300;0.502254106692991;1.05307180408592;0.981491495663566;0.999752101557636;0.944419320795245;0.445910965104013;1.4463479968597;1.50015226725819;0.886745438256887;0.283742683596663;0.214829450034416;0.398269323391223;0.983403008899885;0.814120065603035;0.261199159143163;0.490027504483644;0.577853075437951;0.848615319106739
201;PL;Wheat & spelt;C1100;0.0864175001733232;1.05882951140203;0.981835566517516;0.997045628525997;1.24789783697334;0.638052518185486;1.65814788218253;1.1652856483209;0.528169251716907;0.283485634140434;0.190063607081543;0.408400273142424;0.799414732312481;0.327673673149266;0.538661704143839;0.341054906997309;0.82741272861575;0.296702736955782
211;PL;Tobacco;I3000;0.290320014303545;1.05834103076082;0.987935267575842;1.00658791276933;1.94933150632961;0.489818210210093;1.24933686465005;0.707044213891395;0.440909312281773;0.283328101333147;0.197738815704742;0.546207159886096;0.56443684798686;0.051859134540215;0.286368213331783;0.620243902094194;0.540999024696648;0.20623660419797
237;SK;Wheat & spelt;C1100;0.109;0.966987563104604;1.00308900371466;1.00148885445827;1.01955811099191;2.62326506673553;0.932947515646859;0.876802260361639;0.968289568508046;0.282600160569019;0.1043829380513;0.869457544068193;0.881427785100626;0.645768489068062;0.0115514820711291;0.854075127487705;0.795269557093381;0.89895317400456
200;NL;Green maize;G3000;0.804;1.17764652695682;1.05155054143353;0.992248907990082;43061.8494161893;0.101508556142417;0.421954119188805;1.70603131775181;1.15671534669685e-05;0.282591410729957;0.148980920660474;0.0604029333042245;0.395151555012292;0.0344699458506688;0.185516329155064;0.1507196042436;0.367404058471577;0.0269136476587014
12;AT;Hemp;I2200;0.109;1.02376175565014;0.993023640821334;0.998779942144873;1.14526823687004;0.990329168815988;1.12807389302258;1.21439705249269;0.859729338985211;0.280129214841929;0.408828404112389;0.708121979561239;0.923804892024455;0.541725623965741;0.985316815819361;0.766592608892597;0.768257139450148;0.703325123425941
30;BE;Green maize;G3000;0.956801787776799;1.43335794233159;0.977758264883498;0.991686730621994;1.06015023474237;0.00747359138723812;1.87003630033404;1.91621588983679;0.606408018522682;0.272687724103289;0.0731215883220214;0.442159521757491;0.176336342171127;0.655978163275409;0.0948649766520553;0.31742718794027;0.0738985873094041;0.277481817885743
167;IT;Barley;C1300;0.935;1.01362593324934;1.07715465052734;1.02226993373332;1.08421306547228;0.480723192584547;0.177611758841412;0.462341902986085;0.541729461359746;0.272587056779278;0.595174316442744;0.145583079742332;0.383266394200141;0.249482330921782;0.232345211324866;0.0975921472954912;0.542492428944548;0.173843721289414
215;PL;Green maize;G3000;0.366845580713407;1.07175352486577;0.991613323039966;0.989110937244524;0.789846587959043;0.600829594462166;1.02620096432612;1.45242870722631;1.53204785896468;0.272040880036548;0.127077438432077;0.694138506047496;0.390688327000753;0.463939431702664;0.480067961427218;0.959317742696015;0.596107459310755;0.508256830150116
32;BG;Rye;C1200;0.239;0.97754731032408;0.980370384877724;1.02709356810296;0.971134810475519;1.46971690177184;1.90697914157605;0.270914091643218;1.12889554783579;0.271398646880174;0.473747718394545;0.597022152034271;0.0343270633072925;0.283885920518092;0.50395972726426;0.377489974129091;0.0700625268509141;0.715325418723136
270;ES;Tobacco;I3000;0.934245476608823;0.990397395023086;0.913749315775818;0.989112821852807;1.96566801694776;0.893709423675889;5.52078692040603;2.2319052175825;0.314712349438178;0.270902754224728;0.633469788590288;0.146388410711011;0.199289632854676;0.0324912377120089;0.80113066987413;0.123659906423645;0.123231174437258;0.068560772695486
64;CZ;Wheat & spelt;C1100;0.109;0.976297607951844;0.98823533479316;1.00600359110069;1.01578543975372;1.78378192529917;1.46391841989781;0.868465293512242;0.883312690712548;0.270789034272995;0.340029237735118;0.492331284606189;0.305357657802839;0.278825946177279;0.227883709486503;0.306748801201264;0.645843666086499;0.594028276227081
11;AT;Soy beans;I1130;0.63;1.00433745121784;1.00382446244155;0.972596214444074;0.710392846251334;1.27179165528071;0.720967223376787;4.53667399010025;2.36022484920277;0.269665832487183;0.893305426621562;0.876124557023688;0.144674391718367;0.189232920552829;0.679985096315162;0.535502115056025;0.126303005766862;0.0700631415240243
142;HU;Rye;C1200;0.239;1.01044083610654;1.00545873210541;1.01775593276076;0.967144164229497;0.997517063656562;0.682090094523158;0.435615366470367;0.908911433541875;0.268941814549488;0.644211600958858;0.785393944711974;0.0829826370322767;0.698489380624127;0.995179674585991;0.393759709067133;0.174636155478317;0.827501073470651
149;HU;Sugar beet;R2000;0.565;1.00993863432612;0.997158205821279;0.975282135380886;0.938258631432979;1.18975496984201;1.40015729820553;4.88315219929559;2.09093201483022;0.268789663811389;0.689918567901114;0.889089224813075;0.014139325597224;0.531321270415689;0.712261160418709;0.463742745852126;0.0102091118938657;0.164154620249829
253;SK;Green plants fodder;G0000;0.239;0.965711635761323;1.0045830968199;1.01419681911784;1.09891161945645;1.76254163531438;0.884055150497043;0.569735108340532;0.623804066948525;0.266547206145569;0.0954558471493078;0.809620567295083;0.168680718565225;0.0327291937026202;0.128835966535468;0.746857239528506;0.276561153615282;0.0732260499371596
256;SK;Green maize;G3000;0.565;0.974197237034702;1.00802208691448;1.00619245385775;1.07556205681125;1.73613368718239;0.922698399681332;0.940684134888633;0.828709911643776;0.266225405157875;0.207202600338949;0.674143383581782;0.541704924012997;0.094294275110458;0.139040432599789;0.833056343376461;0.904976023522182;0.466001599372111
162;IE;Potatoes;R1000;0.783;0.988131769526158;0.981149260677431;0.989227022938528;1.12472725644418;1.12672305840367;1.8970135344434;2.03856045988634;0.715970925056855;0.264713269445329;0.731144441531057;0.263213386913087;0.32888338163169;0.0295885681835931;0.832139267589112;0.170373872820124;0.200213199683842;0.369193020564686
218;PT;Barley;C1300;0.761;1.01894881371193;0.984127131311581;1.01635650974451;0.999614349880973;0.765885230585073;NA;0.488875698845978;0.763760336291099;0.262410240379514;0.648660373706748;0.611679846086883;0.0285978535239578;0.995983983179134;0.656859633325978;1;NA;0.0968069236637479
58;HR;Tobacco;I3000;0.261;1.01034468990887;1.001951184242;1.00081694425955;1.02246735463137;1.05008443175894;0.758981503490924;1.05630135943888;1.01268784019733;0.262331392990408;0.555260532792822;0.908600990589773;0.916567028598286;0.794010620073924;0.893590638909823;0.457838355016971;0.900990614949286;0.967026270156201
9;AT;Sugar beet;R2000;1;0.981007935456788;0.989156331137585;1.02106160322897;0.795852421598921;1.86367949428502;1.2019948375486;0.355980812413759;1.34501602626263;0.261159276546547;0.542537379060039;0.594852503597716;0.141587724286249;0.345780273549862;0.288930488721578;0.677662903360076;0.156444798958836;0.494460336555358
288;SE;Green maize;G3000;0.217;1.00924316577389;0.996017661862052;1.02479351395832;NA;0.75485935495905;1.06537666786493;0.301164426913338;NA;0.259048048883794;0.56402934820176;0.577705473707556;0.0286687486911954;1;NA;0.333142165854976;0.747303884197201;1
265;ES;Sugar beet;R2000;0.934945945613128;1.01660875347313;1.05386412492355;1.00197842570252;2.05700497900301;0.748649292299673;0.418998319243864;1.24099737061335;0.237594347422525;0.256757421148283;0.468076427349133;0.51911005878522;0.857402489488859;0.0157572332438351;0.583396702279051;0.551827728734483;0.758141249342109;0.0436789267954326
39;BG;Sunflower seed;I1120;0.304;0.996534481785621;1.04485499371352;0.983086997815425;0.977927374576587;1.490657364904;0.424950424597365;2.53044590050537;1.57611776001886;0.256548369068557;0.922953615932104;0.194275388583033;0.185158048920726;0.305668297045339;0.547449204073493;0.193828688152579;0.136294118740586;0.167790669028276
84;DK;Barley;C1300;1;0.982942084424471;0.992983360061627;1.04625138336425;NA;1.16577502837733;1.07024597200697;0.20964121799697;NA;0.253891599966479;0.450542638504342;0.470678866315959;0.0136699529106568;1;NA;0.707294222074108;0.819615505459815;1
96;FI;Wheat & spelt;C1100;0.109;0.994512254384823;1.00604705446458;1.01895733166571;0.695613776697613;1.56936915398711;1.05602040618623;0.487530597298408;NA;0.253102220302855;0.798324666484373;0.592595819403831;0.2509451926548;0.441714445057525;0.269452372013786;0.851553958087127;0.317742541041201;1
74;CZ;Fibre flax;I2100;0.152;0.970552528834489;0.987717837520536;1.0062938205741;0.991317126992943;1.65483600966103;1.67713051193734;0.864645775031102;1.39771604590689;0.252337331027657;0.242129174108095;0.47899502475635;0.288951849760332;0.548838714109354;0.29850374713286;0.173696934858038;0.639790177782643;0.161192467917801
66;CZ;Barley;C1300;0.565;0.977200806435175;0.995547887146226;1.00272480362215;1.03280581637333;1.50136743991144;1.13448357955495;1.0265383508351;0.828832622150176;0.251008141331241;0.36504091182561;0.797729683405211;0.643403990709852;0.0322889031340626;0.400571374007995;0.73653863437534;0.932774401322817;0.427479049212352
187;LT;Sugar beet;R2000;0.348;1.03033468079132;0.976342181511806;1.00811259365541;1.61789332160715;0.896069660253779;1.90707023788299;0.505441559146121;0.209975741884827;0.250931632927677;0.437563418516745;0.281207030258846;0.689348440547028;0.447192737772785;0.865091292427048;0.189379905089743;0.494847746299604;0.34606670362433
170;IT;Sorghum;C1700;0.238900060804022;1.00535150515017;1.04382368986388;1.00580670165368;0.961637094782493;1.05912649490522;0.55018773448511;0.771679371692496;1.30994769452137;0.250875251020817;0.750898108903531;0.317720810768952;0.691345824807322;0.394072588279959;0.890472539651395;0.500324650318348;0.697902997377228;0.313549391748454
212;PL;Green plants fodder;G0000;0.109;1.00961192166551;0.998097123969595;0.99138329300324;1.73437022720929;0.936730451002341;0.786917976986436;1.64891181723704;0.571534293307343;0.250524068995951;0.831201463109493;0.930365460913261;0.506249905172694;0.0675370553879278;0.92904075393525;0.645990889232232;0.492794243535188;0.377733521705432
227;RO;Wheat & spelt;C1100;0.109;1.00126454771484;0.971649237542837;1.01889519517933;1.00283529483954;1.18741280016853;2.2799271461298;0.425666915427493;0.88730156032149;0.249391323356428;0.963339790477633;0.248539312766481;0.225316461855659;0.887505924399814;0.761025918666355;0.143661869360106;0.361248776825869;0.638624340096861
147;HU;Roots & tubers;R0000;0.043;1.02118284660599;1.00304058974212;1.00171860128212;1.00017092009334;0.683466686678678;0.715978430126729;1.26713912323866;0.929220937035347;0.247860724990973;0.364070746187164;0.874354280984099;0.84731391423598;0.998580567165018;0.3806636846322;0.442212079325473;0.661570692934031;0.882663397315761
159;IE;Wheat & spelt;C1100;0.543;0.98458297992258;0.986444729353884;0.992018479931878;1.03508776789549;1.58873487933315;1.35630190619019;1.1493751134973;1.30374201058633;0.247621898465034;0.658661676664932;0.425314673897066;0.473568394820203;0.513155187038308;0.418537823559828;0.513836960383445;0.80200992549018;0.479875345409763
234;RO;Soy beans;I1130;0.565;1.00570140191494;0.998161643013808;1.00335019909998;0.994297708693571;1.29510483022939;1.02869862237891;0.995670156558949;0.875879650617862;0.245035768511993;0.835280632334291;0.942177174750638;0.777694703877888;0.771226808653852;0.640356923536033;0.960741351324415;0.995075420352148;0.592359635852697
264;ES;Potatoes;R1000;0.935;0.991654291459152;1.01719351872377;0.997722820603735;0.844358787226782;0.702077955270885;0.731009314812129;1.84884736985365;1.28770920457891;0.243491357721507;0.761895909927767;0.844004284220299;0.865835687041723;0.510294970204708;0.581868725757952;0.847154077945652;0.452192024566339;0.715705341623436
281;SE;Maize;C1500;0.217;0.996308201680482;1.01669730250912;1.02769143815257;NA;1.07039529708427;0.691623862872604;0.250149655095578;NA;0.241811340337048;0.840030352367725;0.0578735754595499;0.0347088465590725;1;NA;0.838081236779335;0.119765935973379;1
90;DK;Green plants fodder;G0000;0.196;1.00118712170777;1.01090418640746;1.03666439084846;NA;0.923869433749248;0.880546389975338;0.312651776331947;NA;0.24067961510029;0.958688479132001;0.273252819645279;0.0477058255906682;1;NA;0.847503282328124;0.672175330902413;1
207;PL;Sugar beet;R2000;0.486403225823944;1.07611073914193;0.995222222233347;0.997174218643967;0.977855036967882;0.417066881585337;1.1284290694762;1.12301877376669;0.784794018069255;0.239675851433525;0.0735126463681888;0.815722305287393;0.800406206428976;0.920360103918403;0.199688295714864;0.806677526049214;0.861425837975089;0.67983714257941
219;PT;Oats;C1400;0.478;0.986108987304396;0.985437828258054;1.01557140946928;0.970263148237955;1.0048262128691;NA;0.415862812597492;0.854766148708676;0.239476992469243;0.737909803996699;0.64655893423514;0.0392033502132455;0.698401162710352;0.993689032801582;1;NA;0.0470486147586274
223;PT;Sunflower seed;I1120;0.826;0.952954637967492;0.985425070840744;0.992882353635151;0.959387340686016;2.09028680240323;NA;2.15229569993605;1.34792323643371;0.237620682831473;0.254077817105451;0.646669475331376;0.328260968521216;0.595443262847851;0.231644622939955;1;NA;0.080915620841043
177;IT;Tobacco;I3000;0.642917302630333;0.977990041022799;1.01353077997113;1.03104755854462;0.981969001868317;1.3478048804483;0.678402921494886;0.33869029443928;0.780996655667965;0.236302292451119;0.319653550316301;0.780109221469387;0.0964598506128664;0.642885484608789;0.588139832932447;0.705957688686877;0.264936662921391;0.429081654335452
126;FR;Leguminous plants green;G2000;0.283;0.985399631735541;0.954379684182566;0.999399476626287;0.999453422914173;1.54253790424362;3.09926886979281;1.52067135257052;0.4518152856962;0.235638758423149;0.713660302503417;0.289514591269133;0.955834214015598;0.997914331310871;0.580943760161889;0.256460060708984;0.596985719554321;0.143165449444936
271;ES;Hops;I4000;0.109;1.01772869075638;1.0205036800636;0.991663675469927;1.62755599328524;0.581570494062912;0.784056106465529;1.7727806678036;0.484190563083792;0.235364603250941;0.403565786749463;0.734627037058997;0.325743753710068;0.0917834309423996;0.240803666140246;0.819631947720901;0.26107368655913;0.216768354424087
181;IT;Leguminous plants green;G2000;0.109;0.99326173787811;1.08832646825277;0.980800974196195;1.05248007811052;0.929757312206827;0.281246028224942;3.06654524765459;0.771718569567347;0.235009132320264;0.783225552973454;0.146181376550306;0.390892296160449;0.421227411624186;0.905468569292134;0.28987913195367;0.312883936997995;0.525152172765864
144;HU;Oats;C1400;0.196;0.954959201271974;0.999104201131796;1.00460833118053;0.932766549783499;2.93525428744409;0.883533960572716;0.842558462831664;1.32694255476484;0.232789811754375;0.0606228782412227;0.963908697483283;0.629465879222346;0.473557835607967;0.0226161799519784;0.780407407234869;0.765204103615075;0.570019404537399
77;CZ;Aromatic & medicinal plants;I5000;0.109;0.962403928392356;1.01229620854344;1.00874159958619;1.01391838531741;1.77721777355801;1.00160974882026;0.78781036766411;0.937448114183131;0.232412691742761;0.141461361837205;0.489527511607986;0.149725664093962;0.350376688772936;0.24254040703445;0.996616623195861;0.450097576338416;0.786449136758677
197;NL;Sugar beet;R2000;0.978;0.918881855807297;1.00171113347466;1.00104194944026;61.3872997024053;2.49692542057691;0.913566010340443;1.46398902438051;0.0046922150416526;0.230219782492998;0.551602820947282;0.952188051682538;0.914383471018049;0.0429213837811998;0.682372397861153;0.888597847071606;0.546504425828491;0.0431458862577557
267;ES;Soy beans;I1130;0.450980181299624;1.04456887926053;0.961142456074617;1.00456230424964;0.668078966348475;0.28613463367134;1.69172925100552;0.797632470008582;2.74189523150741;0.229700009535361;0.0643446483522509;0.518641573268586;0.666719684002158;0.134024688360767;0.0227380114965942;0.639026112873679;0.719602486604778;0.133477534761393
292;UK;Oats;C1400;0.119223313227352;0.87804191406352;0.987957429127021;0.994858889193484;1.1107541268995;9.47219429306244;1.62832037921305;1.54837391057351;0.852692326875597;0.22882961968441;0.425154279882523;0.73272353948376;0.525643440868096;0.0923117275021307;0.364997365335416;0.577052105260792;0.497138259571062;0.756672823563369
277;SE;Wheat & spelt;C1100;0.0986064338913216;0.965511731300511;1.01906638903326;1.04078691238266;9.8913778911902e-06;1.95242392386811;0.755439709784324;0.144237837662808;NA;0.227100390575029;0.240855878874411;0.139614164763752;0.0390554332204284;0.195335793754527;0.203046230403455;0.387879250861691;0.0418089129390194;1
102;FI;Sugar beet;R2000;0.555160692928828;0.994443644553146;1.00914118558643;1.03792225617805;0.654610562862801;1.00902538130702;0.61790435520395;0.188460623504804;NA;0.226251818268152;0.806011281114626;0.435450666734478;0.0306679856195367;0.394056899502427;0.983186886099476;0.119608750662309;0.0294376272216065;1
263;ES;Roots & tubers;R0000;0.109;0.992607777446735;1.11348439532221;0.983321053568901;1.18438651661089;1.4396510714199;0.217932584762752;3.14895678373777;0.473857900466489;0.22580832736683;0.764003060014744;0.159806857149481;0.147718070348235;0.565842624539532;0.521282867787542;0.273977623510773;0.107719743502474;0.294472853535572
196;NL;Potatoes;R1000;1;1.00051527248066;0.984457262393164;0.989828697646812;22.2958071327235;1.18929661440969;1.26065681987242;2.54527480557467;0.0631308413940963;0.225550217827147;0.99708887476398;0.563352957708183;0.274257316666713;0.133516786360901;0.93811722752878;0.705564405004964;0.129818667300762;0.276502297746599
110;FR;Barley;C1300;0.978;1.03583451254955;0.986121123661101;1.0172000387449;0.793424984177183;0.431645746047687;1.20213156793683;0.340607222624335;1.35754750739752;0.223761862837552;0.530552025655342;0.713526517797813;0.0229279507630384;0.507295178040947;0.389033550543893;0.832285234447276;0.067700548435781;0.675951306021859
286;SE;Temporary grassland;G1000;0.239;1.01555827908931;0.996604447195253;1.02431089845609;0.941580874964152;0.781981080128444;1.01681868329308;0.248897022449527;NA;0.222665507057691;0.457730889898923;0.718722246181901;0.067453336076774;0.923899455832062;0.518528134423692;0.947828907939968;0.0452648069757203;1
232;RO;Sugar beet;R2000;0.563175903878975;0.992521802972224;1.01022702169459;1.01675273951231;0.974076694185222;1.63732274413884;0.642767260739831;0.320912942076285;0.981382536739572;0.222295340045015;0.76090208963139;0.668941804644879;0.10972465236126;0.202744424028107;0.366353273155795;0.399066487411756;0.112138945039375;0.93713624799883
13;AT;Tobacco;I3000;0.348;0.989349667185107;0.990196224093339;1.00014660929063;1.08630704179234;1.33860004944358;1.3652912116725;0.840164794789596;1.10740168148493;0.22187777293177;0.50818401432546;0.54090045962419;0.991512536002099;0.714996203574383;0.376805241086422;0.382275398091171;0.804299287196686;0.776238766649735
195;NL;Roots & tubers;R0000;0.109;0.920270674768604;1.03026079670495;0.990140242919825;91.9967251289552;3.31277894502984;0.557804696739997;2.2755464935514;0.00370133746679025;0.221750516586879;0.550064962728691;0.276037677752739;0.288129368793819;0.0252660614458313;0.585160036146065;0.344969542024347;0.178982628718516;0.0292495736255555
106;FI;Temporary grassland;G1000;0.174;1.01771953518745;0.998651067679132;1.00164448039477;0.982952342814518;0.761288016618754;0.90331368344766;1.07471772527708;NA;0.220641808622257;0.194607847821001;0.846748218682891;0.870232363340429;0.952965040283214;0.281389608349843;0.574812461666742;0.870825927652255;1
105;FI;Green plants fodder;G0000;0.174;1.01771711506954;0.998651416819075;1.00164602464706;0.982936355509713;0.761328988847389;0.903315196798062;1.074618749798;NA;0.220624364528177;0.19462083642798;0.846781645261803;0.870109721606998;0.952915731744389;0.281430386688466;0.574792837699643;0.870983577032538;1
220;PT;Maize;C1500;0.478;1.00337754603686;1.054968174891;1.01331002814209;0.961648140614943;1.09054177014928;NA;0.544479515425006;1.26410026471136;0.220466102017761;0.936446702396531;0.105093059301698;0.0785356387024732;0.620301248656262;0.888166174989674;1;NA;0.167133540459409
73;CZ;Soy beans;I1130;0.565;0.9831250140434;0.999199459672525;1.00969940110297;1.00355255776514;1.63573493378478;0.947244147950179;0.680985725586773;1.01676707472968;0.219422729286437;0.511278497148893;0.964041835332049;0.11439025471342;0.810966414580058;0.319840404585473;0.887341651513741;0.230923777534731;0.944831447936838
38;BG;Sugar beet;R2000;0;0.937448557809281;0.991397734036498;1.01987666210837;0.984111863085915;4.0928138297118;1.3158548875795;0.49849353100534;0.998149105123332;0.219095318388013;0.109979775280032;0.805885579811445;0.151905884234331;0.492938679557784;0.0649313035171236;0.688456631220641;0.284371960925568;0.995910107220549
80;CZ;Leguminous plants green;G2000;0.109;0.99512684827676;0.997916813588202;0.990684312624294;1.01284919409139;1.14827139143018;0.909010952070123;2.07904054464867;0.824518670157117;0.215280174255774;0.850366372355989;0.906806311174022;0.126335963895765;0.393045128584373;0.778830111868132;0.803657461982687;0.0269941089369137;0.425594140080247
174;IT;Soy beans;I1130;0.673987452668625;1.01106748735154;0.982890065805553;0.999849656767744;0.976728967577295;1.03870927594676;1.43838572829146;1.17647584568449;1.40920177005978;0.214275400335982;0.523316762040335;0.680120704637382;0.99135847095325;0.564747487599449;0.930842810156579;0.679119540554482;0.800996950634877;0.19095024008038
86;DK;Maize;C1500;0.239;1.02644407554552;1.01531020554622;1.00990058479387;NA;0.589179967459682;0.737496519511853;0.695750565863849;NA;0.213279536746706;0.180559315503029;0.07186211995288;0.507293766890427;1;NA;0.132435863516695;0.232024822889751;1
243;SK;Roots & tubers;R0000;0.109;0.985483898173557;0.992362096570093;1.0212420627576;0.988288793716925;1.02457569991792;0.994665772751837;0.424789046458475;1.05102672569969;0.213000121253214;0.405266435323684;0.63673025505375;0.019662109967989;0.745971604491038;0.938132048653863;0.98690383690092;0.05743500126658;0.820423300937452
273;ES;Green plants fodder;G0000;0.239;1.04730661559083;1.00807397715277;0.987097413432355;1.02284608425515;0.450494580464122;0.650701457020644;2.83223736496321;0.938847454711483;0.211282040240466;0.22632218935813;0.912450679285808;0.46127989761539;0.926043664840725;0.348923437105394;0.764393431707882;0.271803387059812;0.926474570854828
156;HU;Temporary grassland;G1000;0.196;1.01658283471319;0.992458670531752;1.00742577464036;1.18041683015325;0.732838144532687;1.05806988720742;0.787520177259306;0.54912349346442;0.210877007010708;0.436999253952097;0.671118708648804;0.395224068175653;0.0553740577543893;0.434686542682411;0.887548808651416;0.648281193699448;0.170808560615636
104;FI;Aromatic & medicinal plants;I5000;0.239;1.02126298971564;0.994720678694696;0.999499236238361;0.945543104373458;0.60273642093611;0.943005811353826;0.833347992348761;NA;0.210571115281151;0.215288349952711;0.5485853504033;0.968509847881084;0.878417031908226;0.114895268548631;0.79652332844637;0.744105243919254;1
198;NL;Fibre flax;I2100;0.228724950123054;1.08598642280733;0.994427823811429;1.00314394196887;4.48225540535677;0.250713562868607;0.817964970220684;0.951676916688726;0.152969074963019;0.210481375297959;0.454926280669644;0.82576771277187;0.674522898215662;0.745194367821693;0.440362866243029;0.717424411809948;0.915270620578138;0.838801654571133
155;HU;Green plants fodder;G0000;0.196;0.966692629431086;0.985648513647502;1.00941315657845;0.979076721912919;1.8908114251253;1.37671424867074;0.679108283865967;0.904664001941062;0.209084555272563;0.0934281458365939;0.388693112038733;0.259166897883576;0.785353900196841;0.0939748570509409;0.393960096501768;0.437241581478717;0.800675689923888
188;LT;Soy beans;I1130;0.13;0.963460238439802;0.983198759898388;1.00978141864265;1.27509845306382;2.20684296242559;1.82077292020401;0.516626214086248;0.463125447855934;0.208923470117508;0.25772921987202;0.368035507405874;0.571371965944419;0.650367247829559;0.155895766784513;0.152711929343258;0.437305239062923;0.58261733324433
184;LT;Rye;C1200;0.13;0.946350333899506;0.98286132718662;0.990100516447669;0.344407925585815;2.88312526618069;1.45117178850584;1.67690581313264;20.4763412319979;0.208641937256003;0.201742760744206;0.481974469774119;0.658321063221312;0.135427649769658;0.147473543697183;0.491838050907432;0.641391797862088;0.106290583603041
97;FI;Rye;C1200;0.239;1.04059305068188;1.00242802503859;1.01833730812582;0.900517242058496;0.626947924695943;0.96763393564231;0.461508045534464;NA;0.208416412605367;0.0811867323764523;0.834425545930181;0.280521318114997;0.829293650092798;0.268952929892555;0.91290865786902;0.29771958069995;1
186;LT;Maize;C1500;0.13;0.996623249856804;1.00745743629178;1.01410298254208;1.03385181759533;1.21921017186845;0.745411460585053;0.461883504089074;1.9667884022331;0.20545219861918;0.936874703582142;0.762207897018987;0.535062264220152;0.962196565788102;0.783217211975623;0.587759798544397;0.488279199321973;0.712480571094163
165;IT;Wheat & spelt;C1100;0.522;1.01436475655146;1.02881255970054;1.0160043179711;1.01842466442572;0.499043792910302;0.521156328789242;0.672386232406699;0.637883027982476;0.205154163135051;0.581529597883113;0.591898676180962;0.57289049433293;0.82940743434895;0.24977004141623;0.53298791785416;0.768979848278598;0.340850148291765
42;BG;Aromatic & medicinal plants;I5000;0.065;0.997023753159592;1.02129402014221;0.99410029083016;1.00929939757062;1.81424922700542;0.616738815438224;1.22564918714613;0.957288025415438;0.20453957491405;0.936354383084892;0.552258170213707;0.658472440866495;0.684270042621278;0.386496371546902;0.484778835635606;0.753794591558717;0.897037746688867
29;BE;Hops;I4000;0.043;1.03684062525675;1.04737981260337;1.00263847915023;1.13602691046226;0.393885016810019;0.332659470288642;0.998559423334275;0.725646074751174;0.202352872391707;0.803953428627378;0.0936435153321185;0.768236887191093;0.209080868308921;0.691988563050838;0.0667675925075987;0.99748288508164;0.416775035671012
231;RO;Potatoes;R1000;0.326;1.02428053352418;1.00477592361004;1.00262394999433;0.988047018076515;1.10079128873662;0.803537736920699;0.66661203141753;1.30096916262964;0.202206185163407;0.332910882931269;0.836650831139101;0.820132381549124;0.550857704384733;0.859209079030227;0.666170108771859;0.607686351204544;0.274498158168961
193;NL;Oats;C1400;0.194550804496363;0.996961461873678;1.04305675695138;0.991802360698556;4730769.46768033;0.943026831391459;0.409344476550083;1.47100416581103;1.42930128235499e-07;0.202170880136169;0.977969748272489;0.133878014827787;0.371100342033915;0.0479681364790999;0.972060969025526;0.158670701681287;0.495614454366544;0.043443632849401
139;DE;Leguminous plants green;G2000;0.192546215032425;0.940517165857417;0.990588032948195;1.01059031110862;0.909500899072042;3.10066579896294;1.09783677265877;0.352234007841406;0.777929665999888;0.201623530166977;0.381071225967566;0.633448885770178;0.0833451922860908;0.520614253152028;0.319902056565672;0.854787252482736;0.0277288314570159;0.578828363506255
31;BG;Wheat & spelt;C1100;0;1.00538885999936;1.03459540854166;1.01011676826609;1.00891704502941;0.887308797656091;0.628900645407317;0.676826636362934;1.18174709663829;0.200956189423622;0.885438009512457;0.333440197216488;0.449577966480446;0.694110545493648;0.861631804145243;0.496854099985514;0.54334722187464;0.621135216164995
112;FR;Maize;C1500;0.283;0.993192372484909;0.973943482030782;1.0069934259127;1.02647839908962;1.73837734731204;2.53484744706931;0.726034680931492;1.05838664589081;0.200462230728134;0.88219453903686;0.565087673539915;0.554947838964819;0.915986918659987;0.518551505639503;0.361558498374464;0.682090295058019;0.92085313169434
236;RO;Green maize;G3000;0.326;0.988392881163069;0.996059350927192;1.00856855185953;0.970282559196123;1.94196742964678;0.955808005082757;0.541350909884092;1.26882155066381;0.19724550212474;0.643096472438857;0.866806173585798;0.475938361315838;0.150671649242021;0.228277536830167;0.930364528251997;0.448465344635827;0.330038259996694
4;AT;Oats;C1400;0.239;0.969361591764578;0.963190334129828;0.9964583834194;0.733024223249867;2.18345849977597;2.75014962880616;1.15481005711812;1.68670910407808;0.196844241402628;0.339600917311511;0.166488475723698;0.869052779937839;0.280991388799055;0.194706819705077;0.0877442760747171;0.897411657021457;0.301768576877735
89;DK;Sugar beet;R2000;1;1.03134953103726;0.98746288577139;1.00455247858634;NA;0.605198759370972;1.69318611887041;1.06131954073435;NA;0.196245691528888;0.221100362791898;0.242381227239984;0.813156330063636;1;NA;0.267053241786938;0.114041742395913;1
276;ES;Green maize;G3000;0.934406560120857;0.964977023393805;1.07679168301653;0.961087949637539;0.602065170948813;2.07355269655131;0.171521483736876;8.64461892426779;2.10055538418395;0.195509998128783;0.554705442455603;0.55485126246888;0.154592323518706;0.0571565359551876;0.508411859635906;0.490964493418198;0.122268379110255;0.239828149527969
55;HR;Sunflower seed;I1120;0.261;0.992087080554986;0.983698423496411;1.00386988814402;1.00972074328501;1.1713447035629;1.42402787814706;0.910322532556632;1.47095060776296;0.194817183334648;0.662536473131079;0.357458653109593;0.635901567977187;0.913311332413403;0.679013586507837;0.363458317083852;0.838180565691137;0.2313283739989
285;SE;Green plants fodder;G0000;0.217;1.04134461807048;0.984141650498511;1.01349143982508;0.909136500268043;0.470560879025859;1.52112763621583;0.352738675255348;NA;0.191006737738231;0.147403933944532;0.209441775905973;0.434106983660261;0.912516858640035;0.142098675100432;0.222221048941237;0.249219828883531;1
100;FI;Roots & tubers;R0000;0.043;1.03254343069063;0.999457882826232;1.03213806349257;0.858093596347227;0.584646656485738;0.896285862596449;0.22930407785042;NA;0.190012979451539;0.163766372514164;0.963214969630825;0.0682656247930271;0.756866034681847;0.212666925411519;0.720173713503307;0.0554112237729385;1
235;RO;Tobacco;I3000;0.554449712547506;1.00976620236885;1.02599406678683;1.01366274796504;0.986553403683094;0.834848230178972;0.640672108981161;0.574575966771149;1.3818349959877;0.18910745324731;0.718770447622581;0.315546458590025;0.409148301858596;0.540191111665561;0.735926604733575;0.422474632739387;0.581672601008293;0.228084324598546
194;NL;Maize;C1500;0.239;0.970221170242239;0.973889604495994;0.997441817626694;0.000300417240520456;2.79878796745836;1.8741822737619;1.2116010533811;2215.62069725033;0.188890274938595;0.751495968228852;0.332257745227689;0.774561615193699;0.440229823447705;0.476365214862259;0.305342345383886;0.715976816675226;0.462710672966965
189;MT;Potatoes;R1000;0.261;1.05203674700876;1;1.00758767447587;NA;0.316128117873498;0.804887029445165;0.810179949162043;NA;0.188721809605769;0.0630563933703445;0.999999999999999;0.309950240740548;1;NA;0.064002828515531;0.968612079818145;1
191;NL;Rye;C1200;0.21158418263351;1.10457223295522;0.966882171210709;0.988616123799446;0.267328283475458;0.146811894941031;2.02910207249966;2.7998939453073;1.00982021005479;0.188256243952093;0.466848256657946;0.228477932691943;0.246249677569563;0.692062593745534;0.37035398582066;0.265493688132261;0.11800389967179;0.997809298417993
185;LT;Barley;C1300;0.348;1.01162907805111;0.996315789006708;1.01592420601372;0.409471725950687;1.0714606097227;0.917941659315492;0.399456478544631;11.4970119188387;0.186759007934448;0.789126357376475;0.881817196281771;0.489467916499981;0.214693337875897;0.924508917064732;0.875649324068576;0.416439688821326;0.194111850554715
289;UK;Wheat & spelt;C1100;0.335359534900358;0.898711588535606;0.98586387739887;1.00049766974539;1.09278220835166;4.48668142547455;1.13022581818032;0.797257677363427;0.782650463512285;0.185681766473033;0.47191529054407;0.720502166781712;0.94843457123756;0.119282098647297;0.504441472880636;0.897750727058902;0.713995533804587;0.609667388539598
153;HU;Tobacco;I3000;0.559410983558712;1.03086224207332;0.999171243681447;1.01280873532587;0.963086322665512;0.616913075105035;0.953262869744603;0.582445405589621;1.16410022594692;0.1852235274524;0.140798985044592;0.965862691354747;0.300307074897422;0.540587074375074;0.182095399771796;0.906266534002767;0.455573131315515;0.578858303857633
18;AT;Green maize;G3000;1;1.03808605850068;0.976351580572262;1.0072071780094;1.27335347870508;0.594415809539841;1.80053774344256;0.912698623066902;0.617515557739511;0.18274839723963;0.278820783063044;0.392453014728748;0.755441384800747;0.359395888014214;0.392716174137157;0.324385463520712;0.937717380143459;0.315044984113556
70;CZ;Potatoes;R1000;0.37;0.987790282612528;0.988719472503714;1.00414034527004;0.995946575806047;1.54539805899802;1.44574378361399;0.83353045136945;0.836212108226511;0.181039494565764;0.642854535275213;0.534263188114563;0.502250230122478;0.789151210746651;0.389332883502202;0.35022937456127;0.57588182554205;0.469275906060614
172;IT;Sugar beet;R2000;0.795711465931601;0.97549337028153;0.980465282091078;1.00258737409611;1.01039498070966;2.20954653274537;1.97406847071859;0.6558758857005;0.886011836188261;0.180746350842485;0.245667256186681;0.707138725513878;0.894794466745517;0.865829613038881;0.136378558017423;0.530281201981127;0.64727850677907;0.730924013964092
192;NL;Barley;C1300;1;1.04891677161482;1.0268385488833;0.992459203429768;263.125869910936;0.354326585243105;0.546177511702747;1.78995098516156;0.00190268564983174;0.177911159660722;0.760475901929345;0.343141814107561;0.429343675932214;0.0499626887542637;0.678779180691198;0.339451870578289;0.352367530401517;0.0458081122278926
280;SE;Oats;C1400;0.217;0.959136485882041;0.992850139261957;1.02538959331776;0.794533557408028;1.93697383171245;1.16397435556261;0.490448957961732;NA;0.17735076495357;0.170366370624413;0.579211895987857;0.188674590513047;0.919884292932383;0.220491494103043;0.652102516051944;0.451643036234889;1
24;BE;Roots & tubers;R0000;0.0871620958766615;0.964736304795891;1.00653096847985;0.994138688889834;0.915602391553226;1.96467367363371;0.747379976258243;1.77446838892708;1.15957696477884;0.175833132269783;0.859531496849896;0.842290568250062;0.318540578092945;0.546396583874463;0.801373201109088;0.669601534230039;0.115334347466955;0.750461547471422
221;PT;Potatoes;R1000;0.804;0.984404491421942;0.969902745312132;0.990157293407232;1.00054725402543;1.32015912952525;NA;1.4459980663236;0.704615707817483;0.17567502088834;0.718017420876302;0.361230808759726;0.195504917683721;0.994611782395576;0.661655322336945;1;NA;0.410495376709479
242;SK;Sorghum;C1700;0.239;1.00391940197121;0.999402029524177;0.997960089642476;0.993861087887181;1.07916122791809;0.977298997191818;0.963861235961737;0.965499096429859;0.175460390214606;0.617580705896317;0.93427247525674;0.597134561959134;0.70524084102878;0.587180192707908;0.874905196911097;0.850891886739475;0.720637222926469
224;PT;Tobacco;I3000;0.63;1.00697901237177;0.985262908702045;0.996237645971756;0.890679442656384;0.742960948077973;NA;0.957033875808007;1.431345821829;0.173785274250192;0.873096451323711;0.656097867852909;0.618232249260149;0.159980922472736;0.640144983141191;1;NA;0.921604731783467
262;ES;Sorghum;C1700;0.238775668022783;0.993793312898707;1.0855191353324;1.01138039449984;0.962172970892468;1.13363118962022;0.32266553065936;0.564903459719331;0.922351661241621;0.172890928708984;0.752377716717584;0.376111776333524;0.384366665535516;0.769288685198669;0.807797760046518;0.494689485836077;0.494421601764107;0.854863313892711
217;PT;Rye;C1200;0.478;0.981281786852041;0.984714319065364;1.01217911181627;0.926420847116811;1.0737082199439;NA;0.448956410495808;1.15939681820315;0.172863724820883;0.664893151731963;0.644296375436204;0.11606528475977;0.349656315763564;0.910805455713174;1;NA;0.0800485516532032
117;FR;Sunflower seed;I1120;0.975539649856229;1.00819533712824;0.96606398191966;0.996103847633142;0.929041481436463;1.03188202850788;1.73847568358001;1.59565264817585;0.967967062242362;0.168775141244187;0.843614196380818;0.481260003060491;0.790313072484458;0.582692357546399;0.968934768482268;0.594388954615297;0.580902255383953;0.940073821873571
37;BG;Potatoes;R1000;0.13;1.04440752264999;1.03884397867198;1.00178193698537;0.968654131596665;0.597373893105243;0.462076151615835;0.735725883993328;1.21470752935612;0.168565033634617;0.176519552926416;0.301232189441379;0.879792746760988;0.33105200542105;0.382083287927756;0.279211818966633;0.666397031568304;0.590683843615667
40;BG;Soy beans;I1130;0.128674593665936;0.964618805377455;1.00308311385226;0.99105406156017;0.977668249649919;2.62797830676405;1.00701488894831;1.2332330971689;1.38687727428188;0.167986357770484;0.342855416025199;0.928700817531454;0.49623598794924;0.318684913609165;0.173648194880481;0.991674268187768;0.740144063823644;0.342387873915009
199;NL;Hemp;I2200;0.0943513909224012;1.21506387492305;1.00877032235908;1.00980551278603;0.716557486521116;0.0417334024687844;0.705194583993319;0.515095982337975;NA;0.167588650020424;0.162294239909565;0.743319524613677;0.274091681648424;0.535736226076948;0.160875023763094;0.561279523427986;0.248661380168496;1
244;SK;Potatoes;R1000;0.565;0.974986402272014;1.00714346611763;1.00955359103155;1.04059794892262;1.66361028839931;1.00943167317562;0.701668661455923;0.81287107129748;0.166326062039222;0.250467358799338;0.725157826009395;0.379459337659673;0.383146092092028;0.198367272190366;0.981584478143334;0.517777373439061;0.450881510931981
88;DK;Potatoes;R1000;0.87;1.01632750483002;1.0119623154809;1.01342594028366;NA;0.759444966566444;0.835023039575098;0.753984924453559;NA;0.162674066087357;0.502185522406764;0.253027217687421;0.473347331257232;1;NA;0.5256963135821;0.568351065413992;1
98;FI;Barley;C1300;0.565;1.0084560018947;1.01218251543644;1.01776566336627;0.778531455117515;1.0225678207754;0.901594838029033;0.382664921158537;NA;0.162587351220536;0.710573481584492;0.311829726233145;0.307615501553588;0.61342195725638;0.958170728273712;0.736170438029594;0.207947953579929;1
131;DE;Oats;C1400;0.234915464013467;0.924398211248367;0.992552452095307;1.00751386794981;0.665125649388423;2.84368017100207;0.937123510369936;0.699928339510952;3.02152547367224;0.161589892287124;0.48410291088718;0.741445974071563;0.289038937401148;0.201283108403739;0.5733245115122;0.910581207305291;0.567319188647469;0.18056424323024
202;PL;Rye;C1200;0.228831094667267;0.996760259628337;0.984570890878345;0.996003607099528;0.937826796185093;1.01573609446785;1.60412553548747;1.88526752595085;0.752530587678491;0.161560971958911;0.941703008067094;0.506742840359745;0.770031784106654;0.850711632714997;0.983541073988862;0.408350512212638;0.436520791238213;0.686514844682768
16;AT;Temporary grassland;G1000;0.239;1.03568723410808;0.985674111823158;1.00528855173724;0.881588065944314;0.627192872281452;1.29215723582936;1.05513470692534;1.4465381396634;0.161010028143455;0.265989274484675;0.61606765994324;0.834338052131511;0.678820629677111;0.425325527356415;0.680186608899253;0.966245444810331;0.482273434016397
226;PT;Green maize;G3000;0.217;1.02103718862564;0.992228311955545;1.00959715250463;0.999704565036145;0.778931527589483;NA;0.624331364291138;0.881705305023151;0.160748483718201;0.495006444770023;0.737353483321384;0.0771584842197899;0.995837205618805;0.573751849236086;1;NA;0.137390753243815
175;IT;Fibre flax;I2100;0.130400055991041;0.980525304455252;0.984529445816896;1.02348536757863;1.01395682694505;1.29602106570888;1.47373022674359;0.395981793769629;0.818009498666797;0.159857233163803;0.37602525207004;0.729560828482563;0.187168597431184;0.802520687028694;0.600809311960941;0.666564515922245;0.330402566408204;0.585279459183787
213;PL;Temporary grassland;G1000;0.109;1.00026631663036;0.99299320531054;0.997536780449061;0.792626456077206;1.08139405490625;0.834377578549563;1.07878275228854;2.79901758908766;0.159784863202978;0.995552118754276;0.754928965246942;0.854320679564303;0.409193434435427;0.918617170860561;0.732458739595026;0.916372318912149;0.118264710767388
91;DK;Temporary grassland;G1000;0.109;0.991455582763881;1.01586544403536;1.0317144495931;NA;1.1308858354295;0.649393670921476;0.297983149600126;NA;0.159735496914047;0.721979452268585;0.133759677332075;0.0994676989095094;1;NA;0.776510223484995;0.17765201388866;1
113;FR;Sorghum;C1700;0.281151317608579;0.97736262393818;0.973217262520785;1.00056608753031;0.962392100328264;1.58117191840409;1.75401056111985;1.48624531845486;0.985760462242683;0.159450470890276;0.531195015781565;0.579110061884695;0.974319824126781;0.730803846051898;0.536215484904446;0.582198542459813;0.696224340403858;0.972235441699667
247;SK;Soy beans;I1130;0.522;1.01531830250658;0.994540982408123;1.00899146598275;0.983380555599437;0.815880346600932;1.03541322496997;0.741981880667364;1.23068135975727;0.158859273509564;0.431295023300843;0.758982389090064;0.348295131285003;0.67544369756745;0.555398053322711;0.922666830956902;0.536396137789598;0.392098517870954
269;ES;Hemp;I2200;0.043;1.01139769720094;1.01076525870197;0.998303938209829;0.907617830167702;0.679810711734321;0.59900019646595;1.27182822625839;1.34726543081429;0.157752897923099;0.392010428837559;0.909349084427146;0.836800215234564;0.185470452009401;0.239918366045461;0.747611868917798;0.658363444642094;0.252274342456547
143;HU;Barley;C1300;0.565;0.990997801425068;1.00696619937286;1.01429169445879;1.01134288090103;1.30706435877699;0.981516921082579;0.502507061569544;0.962208660477361;0.156514668822506;0.716658286065361;0.73843804669515;0.167068234535821;0.909654444801793;0.570929479136391;0.967990583574666;0.263483196383877;0.939684392924113
190;NL;Wheat & spelt;C1100;0.543;1.03724181985089;1.02320663170901;0.994288925623996;23.8211609987108;0.442766902586118;0.637767914521332;1.49510375433905;0.0144628024331469;0.15612315207812;0.797457984433192;0.411645522030271;0.539833600859068;0.0593202098332942;0.71999836495292;0.474482508068183;0.506934092724218;0.103953478334048
87;DK;Roots & tubers;R0000;0.109;1.01470818999895;1.01560960751565;1.01684235213935;NA;0.822680502510324;0.772649776494355;0.541517921951833;NA;0.15501581673237;0.532116168284284;0.127313744440561;0.355218554408984;1;NA;0.641703461009304;0.400920324254029;1
23;BE;Maize;C1500;0.21700089651943;0.903085372190838;0.967362141422395;1.00205405169051;1.1497881617788;5.64852860816579;2.3455365318888;0.984415886440122;0.558263448529271;0.154717840390655;0.522054885537523;0.198670440607641;0.783689618985756;0.174235819249238;0.491320481962655;0.127924929730682;0.967737285065314;0.137178090445147
20;BE;Rye;C1200;0.194590591924134;0.955567361105346;1.00105758965156;0.994004208828679;1.20052999701687;1.71747918290959;0.772620057080512;1.27374607607725;0.732111648682855;0.153558657269566;0.829568224697789;0.974657673493366;0.321091251925081;0.23600651155683;0.848796482458617;0.711165754441401;0.51221578449665;0.522735434318021
109;FR;Rye;C1200;0.282977857890872;1.04703747433541;0.988934249084963;1.00481734017084;0.761781911982049;0.37216537869232;1.00967379605837;0.741987531768883;0.950502377623442;0.153271837658519;0.28696928026969;0.790634091425847;0.617370264074724;0.399255218358028;0.219150816030434;0.991528708228868;0.64370555990051;0.935182889510457
41;BG;Tobacco;I3000;0.13;0.981471507950654;1.02456291041085;1.00357404367278;0.964111580979754;1.6626669016947;0.712043353068811;0.908996269361164;1.45081400622881;0.152250242196324;0.589632259632469;0.553508816210865;0.789658544623437;0.20721619869069;0.419353045064439;0.669286537111655;0.900047526832784;0.301601946391587
154;HU;Aromatic & medicinal plants;I5000;0.196;0.99763378612935;0.992866672787272;1.00249370032909;1.07871367836599;0.957398242186372;1.03475262124799;0.82668565579497;0.94148155363844;0.151807801722618;0.892910532007607;0.666078746054015;0.806479056687376;0.174285385650301;0.889458390517635;0.922431911322161;0.753003717866162;0.81025609804619
19;BE;Wheat & spelt;C1100;0.544807632731805;0.809156627575211;0.968212316838107;1.00482198092793;0.916219420263445;12.7182467136355;1.9775651547056;0.643239555911848;0.975974933183949;0.15166770211095;0.296869188739644;0.337016409100246;0.414378168807581;0.535783219233805;0.326405687932703;0.325415378483442;0.216108957252407;0.956037976059149
283;SE;Potatoes;R1000;0.470463281726128;0.977919236916281;0.999820847086406;1.02176833748218;0.657993455488097;1.21937669357329;0.804849450692967;0.497319764065245;NA;0.151241754198408;0.398781769098723;0.988602453048124;0.216849290471865;0.8524780868344;0.680578367058732;0.512115861761833;0.423400011422133;1
25;BE;Potatoes;R1000;0.99925411991137;0.784611980091147;0.980424249994151;1.0036965940501;0.930023223096825;30.3835361364284;1.34501966057618;0.896159672625597;0.894849639359786;0.149913147487235;0.25392707220899;0.542445372109777;0.548685543094271;0.625750430358003;0.253099778854034;0.665392201405245;0.768669307681481;0.822996705538453
179;IT;Green plants fodder;G0000;0.109;1.02436341762673;1.01712335571456;1.00378045804578;1.02672110348995;0.543927041982766;0.776250612853967;1.12437282832463;0.958217286673906;0.147574025163036;0.356675244432105;0.76680343290314;0.869787878444883;0.607303921223982;0.355849563314081;0.833794891696699;0.920867978251163;0.913980166375195
290;UK;Rye;C1200;0.121325252525253;0.797658086354934;0.976630406911631;1.0031097959225;1.06371418731362;40.3609446744708;1.50237758492742;0.647170505764344;0.702025522480235;0.146948145820642;0.0949297065639817;0.527262619724593;0.722316934182622;0.403590581862521;0.0735665929165404;0.650805254885813;0.535171599344601;0.473356758676262
45;BG;Green maize;G3000;0.174;1.04239373246714;1.01752141381811;0.998338675443339;0.995198159948058;0.586825435640515;0.752962342323691;1.0368100074686;0.789728195265482;0.141061315816064;0.288813960827675;0.662562220458558;0.908467690423722;0.84779937841531;0.446354028516301;0.714751111803318;0.960151638299264;0.506539670097427
214;PL;Leguminous plants green;G2000;0.109;1.02674596834263;0.993115046549025;0.984276119530398;0.700001842139552;0.700155854059213;1.15666687845054;2.27304867948969;2.58818058247319;0.132934282419267;0.533655975200401;0.748008658172334;0.21309345928435;0.133375477954137;0.616375850593479;0.778674432317769;0.254873053230128;0.125217625355572
164;IE;Green maize;G3000;0.174;0.986006697316803;0.999039271373037;0.997347742553039;1.00969393827397;1.11351561384364;0.860664325862739;1.16546834746055;1.30762917904612;0.127217740370157;0.671563424245519;0.952381438714092;0.8008547882176;0.846037688611206;0.841632566724913;0.733118504802709;0.77047316426874;0.449957485249836
22;BE;Oats;C1400;0.222828777474227;1.04745825428682;0.978890292963478;1.0047251183234;0.884506132996195;0.293963587677826;1.16154781214487;0.865909626786007;1.50584908179001;0.126845248039008;0.828856537657249;0.50439159218195;0.484811277758123;0.392717922569789;0.697910201214951;0.825595760381771;0.712168950377592;0.414547277451196
101;FI;Potatoes;R1000;0.565;0.994569273848532;0.988454558583058;1.01935341533899;0.828914071534541;1.03521104160287;1.51415759376635;0.431205035825715;NA;0.122073795313895;0.820085934808103;0.349223811482384;0.281649191864557;0.719430894820831;0.938682483944958;0.202243877327575;0.286828120171467;1
122;FR;Hops;I4000;0.152;0.985708435935764;0.986110895940004;1.00053130316714;2.1960935086702;1.14143739236214;1.29324190445291;0.935313496317929;0.38843381340576;0.119662138510696;0.726180307222918;0.568142476807722;0.909994605497802;0.182324664660015;0.85301680443195;0.645169239393371;0.865111954461457;0.315504213651332
108;FR;Wheat & spelt;C1100;0.543;1.11742695615388;0.976379295651483;1.00542218308054;0.954151423561048;0.162533867973721;1.93052538811263;0.763218940186077;0.758601891662031;0.117593493156964;0.138416399891438;0.593452807842822;0.523193937384619;0.881576399330701;0.15057076440938;0.511749918407055;0.675466751843005;0.706109192758027
111;FR;Oats;C1400;0.283;1.03621414978253;0.982161877142071;1.01697509630342;1.03007602953795;0.509712512816426;1.28671818904094;0.334311432611661;0.8995271915838;0.117587490333191;0.507578551988456;0.702724130208248;0.114687665251756;0.9218052848362;0.490500588428318;0.8105442408931;0.145923344049665;0.873650398457427
28;BE;Tobacco;I3000;0.673743243243243;0.837309781017897;0.993445861759055;0.992155080595821;1.00274248096469;14.9866518754021;1.07234854395783;1.31159838046164;0.738860457758433;0.116275818581232;0.334007718278849;0.81402954251874;0.304574012456073;0.980952743840641;0.344045179410767;0.907580206546776;0.501564570793871;0.482791949423389
92;DK;Leguminous plants green;G2000;0.109;1.01829968718634;0.988873165811886;0.980837814900436;NA;0.819009785391711;1.54547196910332;2.46923728205565;NA;0.115675574324802;0.489740776400501;0.321497720390867;0.34030332379208;1;NA;0.671497934329922;0.209705096247651;1
107;FI;Leguminous plants green;G2000;0.0861981566820276;0.989347053451985;1.00305103510472;1.00061654047161;0.807855480354486;1.36095512503275;0.917240516304601;0.910675961490581;NA;0.114532033511202;0.367767173214203;0.621870403347424;0.944631766684986;0.410293305275354;0.171138567273213;0.58954143303787;0.811072067835796;1
120;FR;Hemp;I2200;0.148332778283682;1.03608827277347;1.00420226318379;0.990229910268829;1.4431089237431;0.515796604024896;0.811116200596345;2.25925927342878;0.589359766937422;0.109683940195423;0.407683483752765;0.904545809959466;0.168241207684675;0.334584389492276;0.39493109780251;0.795995494093589;0.165565478645513;0.426097474468087
33;BG;Barley;C1300;0.304;0.958540987636343;1.00571483949699;1.01528169093452;0.992249607126352;2.36359922387531;1.11164731696626;0.489827941900751;1.07586580089991;0.109231569838568;0.285352613823291;0.875647371201164;0.278623100619969;0.741944390822344;0.240258574426981;0.881403305731932;0.289962345518347;0.836991832944877
282;SE;Roots & tubers;R0000;0.087;1.0300049845887;0.996585379180791;0.977229126018006;0.0256347829400264;0.712421461925204;1.10357636494988;2.3259105119516;NA;0.105710108651479;0.243438685864975;0.784941967675404;0.180264881635851;0.704984276711723;0.459617415732537;0.76147303199755;0.317990502166518;1
118;FR;Soy beans;I1130;0.672053733970489;1.00105295021189;0.953441426729372;1.00318879192086;0.940747979417439;0.904384524996202;3.14485615294276;0.969465845338107;1.47627314580945;0.10480493564417;0.974629957496263;0.347966102797465;0.834125560370476;0.58764701454328;0.879780281835351;0.28843045120704;0.973407319141974;0.365532012372274
26;BE;Sugar beet;R2000;1.00038259997052;1.06799305174987;0.999792898055889;0.999934986660044;0.989714971766683;0.323948433071452;0.733427698047486;1.21372313155799;1.08317159302137;0.103276178758561;0.773098384882006;0.995629333472097;0.99218797325538;0.948415714146031;0.699467529182032;0.691094601554839;0.628274527777557;0.873250809909275
246;SK;Sunflower seed;I1120;0.565;0.976302200644771;1.0061631334813;1.01404264151674;1.02908055405681;1.37682573045328;0.763297392901541;0.585683327884844;0.903828809867671;0.102351704909939;0.276372175395789;0.761627053742669;0.200895792292322;0.528920432412514;0.415561464470542;0.508397303290808;0.331175921390686;0.712116272043281
82;DK;Wheat & spelt;C1100;0.543;0.998281760705474;1.01301702599945;1.01874053463158;NA;1.02357973575701;0.698410465928603;0.548179996850343;NA;0.0986483539844665;0.945058605883977;0.231297336810461;0.337482632735354;1;NA;0.958557793200821;0.2768251049528;1
284;SE;Sugar beet;R2000;0.478;0.989345781917366;0.988800519585328;1.02402629958166;NA;0.996822629531344;1.21507450675596;0.325782212901944;NA;0.0957465264119989;0.67692176877832;0.347229638188035;0.18116293169182;1;NA;0.994556140978547;0.551242760082908;1
69;CZ;Roots & tubers;R0000;0.109;0.978342880640003;0.994036323586576;1.0028932410005;0.997375593769792;1.53573921189347;0.941933279114326;0.979861150689355;0.949553893184561;0.0926992847886768;0.433834939021204;0.754986521840666;0.655134967367583;0.869388774623353;0.419859766148435;0.884684258610451;0.95252777588323;0.841677291920302
21;BE;Barley;C1300;1.00148582591231;1.1854179967889;0.999616353042484;0.996022941223895;0.867369504317167;0.120253186646355;0.904550652538444;1.25998951301281;1.72453619652798;0.0860919843873847;0.410114309293323;0.991171137604088;0.509728730794993;0.317845793140574;0.414937659697165;0.887670107732371;0.521170399543308;0.220715662266076
291;UK;Barley;C1300;0.866285621453733;0.873426465722854;1.0062717769271;0.999480128112512;1.01900898071763;5.101147295519;0.781844915580173;1.42021490789024;1.08102195101563;0.0844496018154195;0.378523655354721;0.850017535712382;0.963246123405942;0.800244514320914;0.4659259886858;0.764074687894972;0.657364765910363;0.888624744006298
116;FR;Sugar beet;R2000;0.977345404960448;1.11580284034083;0.992914950902434;1.00303675973518;0.973634997095795;0.166267907637113;1.07015972901534;0.817944503598374;0.777434970580069;0.0794234414113749;0.270870164425115;0.826552636698533;0.583436329096067;0.9141547507472;0.23706560269472;0.924087803624868;0.659379215532596;0.693507894016628
72;CZ;Sunflower seed;I1120;0.565;1.01341282021111;1.00929531708489;1.0040265481617;1.0067586757527;0.812377671958208;0.714635944643823;0.853029190778897;1.0280743359831;0.0783552182467372;0.635470424547892;0.632341874825765;0.538235044665197;0.676169040236744;0.697098368698618;0.42134780278404;0.644985425617731;0.915555777946763
157;HU;Leguminous plants green;G2000;0.196;0.996977694027662;0.989637987528835;0.999061785775535;1.01018746354357;1.03583999105804;1.24691688722223;0.983843744662906;0.858448735110797;0.0765150298168873;0.808180733570874;0.345914551554978;0.872590944168118;0.821787790647082;0.878776231543242;0.364718941551339;0.963134518248777;0.497086215676729
93;DK;Green maize;G3000;0.761;1.01572067604215;1.00947552896996;1.00721097919725;NA;0.696530068193063;0.845593934509636;0.758984122794756;NA;0.0654893224417387;0.540448561228042;0.388779275639257;0.71381492904846;1;NA;0.430615459906988;0.615240728545611;1
137;DE;Soy beans;I1130;0.0919594529475205;0.976693841366224;0.999793732387341;1.00479690995531;0.96780153917785;1.30449950321621;0.985848798411301;0.871523034640867;0.998019630489543;0.0634834335134936;0.595936962399464;0.98852542983315;0.316776079078548;0.723444212838908;0.708714912412946;0.969710580497227;0.658874116786911;0.994624277387357
268;ES;Fibre flax;I2100;0.087;0.961211143462595;1;1.00135510206417;0.951077147468328;1.61160839792433;0.830724173101074;1.03435943672705;0.925700211937305;0.0477171585236447;0.755459060729089;0.999999999999994;0.950885786073555;0.810374025008356;0.786185499829953;0.964053485587921;0.973605611609597;0.871266786325531
216;PT;Wheat & spelt;C1100;0.348;0.990163642933417;0.981205810037851;1.00771524501186;0.977177632462288;1.16309494700311;NA;0.647996972042108;1.1486421916679;0.0384454788907012;0.833346927532444;0.598075752932853;0.348657806457173;0.792003738796555;0.825357893220632;1;NA;0.370469099704781
